source,target
/DOC99000,/us-en/NEW-URL-DOC99000
/DOC99001,/us-en/NEW-URL-DOC99001
/DOC99002,/us-en/NEW-URL-DOC99002
/DOC99003,/us-en/NEW-URL-DOC99003
/DOC99004,/us-en/NEW-URL-DOC99004
/DOC99005,/us-en/NEW-URL-DOC99005
/DOC99006,/us-en/NEW-URL-DOC99006
/DOC99007,/us-en/NEW-URL-DOC99007
/DOC99008,/us-en/NEW-URL-DOC99008
/DOC99009,/us-en/NEW-URL-DOC99009
/DOC99010,/us-en/NEW-URL-DOC99010
/DOC99011,/us-en/NEW-URL-DOC99011
/DOC99012,/us-en/NEW-URL-DOC99012
/DOC99013,/us-en/NEW-URL-DOC99013
/DOC99014,/us-en/NEW-URL-DOC99014
/DOC99015,/us-en/NEW-URL-DOC99015
/DOC99016,/us-en/NEW-URL-DOC99016
/DOC99017,/us-en/NEW-URL-DOC99017
/DOC99018,/us-en/NEW-URL-DOC99018
/DOC99019,/us-en/NEW-URL-DOC99019
/DOC99020,/us-en/NEW-URL-DOC99020
/DOC99021,/us-en/NEW-URL-DOC99021
/DOC99022,/us-en/NEW-URL-DOC99022
/DOC99023,/us-en/NEW-URL-DOC99023
/DOC99024,/us-en/NEW-URL-DOC99024
/DOC99025,/us-en/NEW-URL-DOC99025
/DOC99026,/us-en/NEW-URL-DOC99026
/DOC99027,/us-en/NEW-URL-DOC99027
/DOC99028,/us-en/NEW-URL-DOC99028
/DOC99029,/us-en/NEW-URL-DOC99029
/DOC99030,/us-en/NEW-URL-DOC99030
/DOC99031,/us-en/NEW-URL-DOC99031
/DOC99032,/us-en/NEW-URL-DOC99032
/DOC99033,/us-en/NEW-URL-DOC99033
/DOC99034,/us-en/NEW-URL-DOC99034
/DOC99035,/us-en/NEW-URL-DOC99035
/DOC99036,/us-en/NEW-URL-DOC99036
/DOC99037,/us-en/NEW-URL-DOC99037
/DOC99038,/us-en/NEW-URL-DOC99038
/DOC99039,/us-en/NEW-URL-DOC99039
/DOC99040,/us-en/NEW-URL-DOC99040
/DOC99041,/us-en/NEW-URL-DOC99041
/DOC99042,/us-en/NEW-URL-DOC99042
/DOC99043,/us-en/NEW-URL-DOC99043
/DOC99044,/us-en/NEW-URL-DOC99044
/DOC99045,/us-en/NEW-URL-DOC99045
/DOC99046,/us-en/NEW-URL-DOC99046
/DOC99047,/us-en/NEW-URL-DOC99047
/DOC99048,/us-en/NEW-URL-DOC99048
/DOC99049,/us-en/NEW-URL-DOC99049
/DOC99050,/us-en/NEW-URL-DOC99050
/DOC99051,/us-en/NEW-URL-DOC99051
/DOC99052,/us-en/NEW-URL-DOC99052
/DOC99053,/us-en/NEW-URL-DOC99053
/DOC99054,/us-en/NEW-URL-DOC99054
/DOC99055,/us-en/NEW-URL-DOC99055
/DOC99056,/us-en/NEW-URL-DOC99056
/DOC99057,/us-en/NEW-URL-DOC99057
/DOC99058,/us-en/NEW-URL-DOC99058
/DOC99059,/us-en/NEW-URL-DOC99059
/DOC99060,/us-en/NEW-URL-DOC99060
/DOC99061,/us-en/NEW-URL-DOC99061
/DOC99062,/us-en/NEW-URL-DOC99062
/DOC99063,/us-en/NEW-URL-DOC99063
/DOC99064,/us-en/NEW-URL-DOC99064
/DOC99065,/us-en/NEW-URL-DOC99065
/DOC99066,/us-en/NEW-URL-DOC99066
/DOC99067,/us-en/NEW-URL-DOC99067
/DOC99068,/us-en/NEW-URL-DOC99068
/DOC99069,/us-en/NEW-URL-DOC99069
/DOC99070,/us-en/NEW-URL-DOC99070
/DOC99071,/us-en/NEW-URL-DOC99071
/DOC99072,/us-en/NEW-URL-DOC99072
/DOC99073,/us-en/NEW-URL-DOC99073
/DOC99074,/us-en/NEW-URL-DOC99074
/DOC99075,/us-en/NEW-URL-DOC99075
/DOC99076,/us-en/NEW-URL-DOC99076
/DOC99077,/us-en/NEW-URL-DOC99077
/DOC99078,/us-en/NEW-URL-DOC99078
/DOC99079,/us-en/NEW-URL-DOC99079
/DOC99080,/us-en/NEW-URL-DOC99080
/DOC99081,/us-en/NEW-URL-DOC99081
/DOC99082,/us-en/NEW-URL-DOC99082
/DOC99083,/us-en/NEW-URL-DOC99083
/DOC99084,/us-en/NEW-URL-DOC99084
/DOC99085,/us-en/NEW-URL-DOC99085
/DOC99086,/us-en/NEW-URL-DOC99086
/DOC99087,/us-en/NEW-URL-DOC99087
/DOC99088,/us-en/NEW-URL-DOC99088
/DOC99089,/us-en/NEW-URL-DOC99089
/DOC99090,/us-en/NEW-URL-DOC99090
/DOC99091,/us-en/NEW-URL-DOC99091
/DOC99092,/us-en/NEW-URL-DOC99092
/DOC99093,/us-en/NEW-URL-DOC99093
/DOC99094,/us-en/NEW-URL-DOC99094
/DOC99095,/us-en/NEW-URL-DOC99095
/DOC99096,/us-en/NEW-URL-DOC99096
/DOC99097,/us-en/NEW-URL-DOC99097
/DOC99098,/us-en/NEW-URL-DOC99098
/DOC99099,/us-en/NEW-URL-DOC99099
/DOC99100,/us-en/NEW-URL-DOC99100
/DOC99101,/us-en/NEW-URL-DOC99101
/DOC99102,/us-en/NEW-URL-DOC99102
/DOC99103,/us-en/NEW-URL-DOC99103
/DOC99104,/us-en/NEW-URL-DOC99104
/DOC99105,/us-en/NEW-URL-DOC99105
/DOC99106,/us-en/NEW-URL-DOC99106
/DOC99107,/us-en/NEW-URL-DOC99107
/DOC99108,/us-en/NEW-URL-DOC99108
/DOC99109,/us-en/NEW-URL-DOC99109
/DOC99110,/us-en/NEW-URL-DOC99110
/DOC99111,/us-en/NEW-URL-DOC99111
/DOC99112,/us-en/NEW-URL-DOC99112
/DOC99113,/us-en/NEW-URL-DOC99113
/DOC99114,/us-en/NEW-URL-DOC99114
/DOC99115,/us-en/NEW-URL-DOC99115
/DOC99116,/us-en/NEW-URL-DOC99116
/DOC99117,/us-en/NEW-URL-DOC99117
/DOC99118,/us-en/NEW-URL-DOC99118
/DOC99119,/us-en/NEW-URL-DOC99119
/DOC99120,/us-en/NEW-URL-DOC99120
/DOC99121,/us-en/NEW-URL-DOC99121
/DOC99122,/us-en/NEW-URL-DOC99122
/DOC99123,/us-en/NEW-URL-DOC99123
/DOC99124,/us-en/NEW-URL-DOC99124
/DOC99125,/us-en/NEW-URL-DOC99125
/DOC99126,/us-en/NEW-URL-DOC99126
/DOC99127,/us-en/NEW-URL-DOC99127
/DOC99128,/us-en/NEW-URL-DOC99128
/DOC99129,/us-en/NEW-URL-DOC99129
/DOC99130,/us-en/NEW-URL-DOC99130
/DOC99131,/us-en/NEW-URL-DOC99131
/DOC99132,/us-en/NEW-URL-DOC99132
/DOC99133,/us-en/NEW-URL-DOC99133
/DOC99134,/us-en/NEW-URL-DOC99134
/DOC99135,/us-en/NEW-URL-DOC99135
/DOC99136,/us-en/NEW-URL-DOC99136
/DOC99137,/us-en/NEW-URL-DOC99137
/DOC99138,/us-en/NEW-URL-DOC99138
/DOC99139,/us-en/NEW-URL-DOC99139
/DOC99140,/us-en/NEW-URL-DOC99140
/DOC99141,/us-en/NEW-URL-DOC99141
/DOC99142,/us-en/NEW-URL-DOC99142
/DOC99143,/us-en/NEW-URL-DOC99143
/DOC99144,/us-en/NEW-URL-DOC99144
/DOC99145,/us-en/NEW-URL-DOC99145
/DOC99146,/us-en/NEW-URL-DOC99146
/DOC99147,/us-en/NEW-URL-DOC99147
/DOC99148,/us-en/NEW-URL-DOC99148
/DOC99149,/us-en/NEW-URL-DOC99149
/DOC99150,/us-en/NEW-URL-DOC99150
/DOC99151,/us-en/NEW-URL-DOC99151
/DOC99152,/us-en/NEW-URL-DOC99152
/DOC99153,/us-en/NEW-URL-DOC99153
/DOC99154,/us-en/NEW-URL-DOC99154
/DOC99155,/us-en/NEW-URL-DOC99155
/DOC99156,/us-en/NEW-URL-DOC99156
/DOC99157,/us-en/NEW-URL-DOC99157
/DOC99158,/us-en/NEW-URL-DOC99158
/DOC99159,/us-en/NEW-URL-DOC99159
/DOC99160,/us-en/NEW-URL-DOC99160
/DOC99161,/us-en/NEW-URL-DOC99161
/DOC99162,/us-en/NEW-URL-DOC99162
/DOC99163,/us-en/NEW-URL-DOC99163
/DOC99164,/us-en/NEW-URL-DOC99164
/DOC99165,/us-en/NEW-URL-DOC99165
/DOC99166,/us-en/NEW-URL-DOC99166
/DOC99167,/us-en/NEW-URL-DOC99167
/DOC99168,/us-en/NEW-URL-DOC99168
/DOC99169,/us-en/NEW-URL-DOC99169
/DOC99170,/us-en/NEW-URL-DOC99170
/DOC99171,/us-en/NEW-URL-DOC99171
/DOC99172,/us-en/NEW-URL-DOC99172
/DOC99173,/us-en/NEW-URL-DOC99173
/DOC99174,/us-en/NEW-URL-DOC99174
/DOC99175,/us-en/NEW-URL-DOC99175
/DOC99176,/us-en/NEW-URL-DOC99176
/DOC99177,/us-en/NEW-URL-DOC99177
/DOC99178,/us-en/NEW-URL-DOC99178
/DOC99179,/us-en/NEW-URL-DOC99179
/DOC99180,/us-en/NEW-URL-DOC99180
/DOC99181,/us-en/NEW-URL-DOC99181
/DOC99182,/us-en/NEW-URL-DOC99182
/DOC99183,/us-en/NEW-URL-DOC99183
/DOC99184,/us-en/NEW-URL-DOC99184
/DOC99185,/us-en/NEW-URL-DOC99185
/DOC99186,/us-en/NEW-URL-DOC99186
/DOC99187,/us-en/NEW-URL-DOC99187
/DOC99188,/us-en/NEW-URL-DOC99188
/DOC99189,/us-en/NEW-URL-DOC99189
/DOC99190,/us-en/NEW-URL-DOC99190
/DOC99191,/us-en/NEW-URL-DOC99191
/DOC99192,/us-en/NEW-URL-DOC99192
/DOC99193,/us-en/NEW-URL-DOC99193
/DOC99194,/us-en/NEW-URL-DOC99194
/DOC99195,/us-en/NEW-URL-DOC99195
/DOC99196,/us-en/NEW-URL-DOC99196
/DOC99197,/us-en/NEW-URL-DOC99197
/DOC99198,/us-en/NEW-URL-DOC99198
/DOC99199,/us-en/NEW-URL-DOC99199
/DOC99200,/us-en/NEW-URL-DOC99200
/DOC99201,/us-en/NEW-URL-DOC99201
/DOC99202,/us-en/NEW-URL-DOC99202
/DOC99203,/us-en/NEW-URL-DOC99203
/DOC99204,/us-en/NEW-URL-DOC99204
/DOC99205,/us-en/NEW-URL-DOC99205
/DOC99206,/us-en/NEW-URL-DOC99206
/DOC99207,/us-en/NEW-URL-DOC99207
/DOC99208,/us-en/NEW-URL-DOC99208
/DOC99209,/us-en/NEW-URL-DOC99209
/DOC99210,/us-en/NEW-URL-DOC99210
/DOC99211,/us-en/NEW-URL-DOC99211
/DOC99212,/us-en/NEW-URL-DOC99212
/DOC99213,/us-en/NEW-URL-DOC99213
/DOC99214,/us-en/NEW-URL-DOC99214
/DOC99215,/us-en/NEW-URL-DOC99215
/DOC99216,/us-en/NEW-URL-DOC99216
/DOC99217,/us-en/NEW-URL-DOC99217
/DOC99218,/us-en/NEW-URL-DOC99218
/DOC99219,/us-en/NEW-URL-DOC99219
/DOC99220,/us-en/NEW-URL-DOC99220
/DOC99221,/us-en/NEW-URL-DOC99221
/DOC99222,/us-en/NEW-URL-DOC99222
/DOC99223,/us-en/NEW-URL-DOC99223
/DOC99224,/us-en/NEW-URL-DOC99224
/DOC99225,/us-en/NEW-URL-DOC99225
/DOC99226,/us-en/NEW-URL-DOC99226
/DOC99227,/us-en/NEW-URL-DOC99227
/DOC99228,/us-en/NEW-URL-DOC99228
/DOC99229,/us-en/NEW-URL-DOC99229
/DOC99230,/us-en/NEW-URL-DOC99230
/DOC99231,/us-en/NEW-URL-DOC99231
/DOC99232,/us-en/NEW-URL-DOC99232
/DOC99233,/us-en/NEW-URL-DOC99233
/DOC99234,/us-en/NEW-URL-DOC99234
/DOC99235,/us-en/NEW-URL-DOC99235
/DOC99236,/us-en/NEW-URL-DOC99236
/DOC99237,/us-en/NEW-URL-DOC99237
/DOC99238,/us-en/NEW-URL-DOC99238
/DOC99239,/us-en/NEW-URL-DOC99239
/DOC99240,/us-en/NEW-URL-DOC99240
/DOC99241,/us-en/NEW-URL-DOC99241
/DOC99242,/us-en/NEW-URL-DOC99242
/DOC99243,/us-en/NEW-URL-DOC99243
/DOC99244,/us-en/NEW-URL-DOC99244
/DOC99245,/us-en/NEW-URL-DOC99245
/DOC99246,/us-en/NEW-URL-DOC99246
/DOC99247,/us-en/NEW-URL-DOC99247
/DOC99248,/us-en/NEW-URL-DOC99248
/DOC99249,/us-en/NEW-URL-DOC99249
/DOC99250,/us-en/NEW-URL-DOC99250
/DOC99251,/us-en/NEW-URL-DOC99251
/DOC99252,/us-en/NEW-URL-DOC99252
/DOC99253,/us-en/NEW-URL-DOC99253
/DOC99254,/us-en/NEW-URL-DOC99254
/DOC99255,/us-en/NEW-URL-DOC99255
/DOC99256,/us-en/NEW-URL-DOC99256
/DOC99257,/us-en/NEW-URL-DOC99257
/DOC99258,/us-en/NEW-URL-DOC99258
/DOC99259,/us-en/NEW-URL-DOC99259
/DOC99260,/us-en/NEW-URL-DOC99260
/DOC99261,/us-en/NEW-URL-DOC99261
/DOC99262,/us-en/NEW-URL-DOC99262
/DOC99263,/us-en/NEW-URL-DOC99263
/DOC99264,/us-en/NEW-URL-DOC99264
/DOC99265,/us-en/NEW-URL-DOC99265
/DOC99266,/us-en/NEW-URL-DOC99266
/DOC99267,/us-en/NEW-URL-DOC99267
/DOC99268,/us-en/NEW-URL-DOC99268
/DOC99269,/us-en/NEW-URL-DOC99269
/DOC99270,/us-en/NEW-URL-DOC99270
/DOC99271,/us-en/NEW-URL-DOC99271
/DOC99272,/us-en/NEW-URL-DOC99272
/DOC99273,/us-en/NEW-URL-DOC99273
/DOC99274,/us-en/NEW-URL-DOC99274
/DOC99275,/us-en/NEW-URL-DOC99275
/DOC99276,/us-en/NEW-URL-DOC99276
/DOC99277,/us-en/NEW-URL-DOC99277
/DOC99278,/us-en/NEW-URL-DOC99278
/DOC99279,/us-en/NEW-URL-DOC99279
/DOC99280,/us-en/NEW-URL-DOC99280
/DOC99281,/us-en/NEW-URL-DOC99281
/DOC99282,/us-en/NEW-URL-DOC99282
/DOC99283,/us-en/NEW-URL-DOC99283
/DOC99284,/us-en/NEW-URL-DOC99284
/DOC99285,/us-en/NEW-URL-DOC99285
/DOC99286,/us-en/NEW-URL-DOC99286
/DOC99287,/us-en/NEW-URL-DOC99287
/DOC99288,/us-en/NEW-URL-DOC99288
/DOC99289,/us-en/NEW-URL-DOC99289
/DOC99290,/us-en/NEW-URL-DOC99290
/DOC99291,/us-en/NEW-URL-DOC99291
/DOC99292,/us-en/NEW-URL-DOC99292
/DOC99293,/us-en/NEW-URL-DOC99293
/DOC99294,/us-en/NEW-URL-DOC99294
/DOC99295,/us-en/NEW-URL-DOC99295
/DOC99296,/us-en/NEW-URL-DOC99296
/DOC99297,/us-en/NEW-URL-DOC99297
/DOC99298,/us-en/NEW-URL-DOC99298
/DOC99299,/us-en/NEW-URL-DOC99299
/DOC99300,/us-en/NEW-URL-DOC99300
/DOC99301,/us-en/NEW-URL-DOC99301
/DOC99302,/us-en/NEW-URL-DOC99302
/DOC99303,/us-en/NEW-URL-DOC99303
/DOC99304,/us-en/NEW-URL-DOC99304
/DOC99305,/us-en/NEW-URL-DOC99305
/DOC99306,/us-en/NEW-URL-DOC99306
/DOC99307,/us-en/NEW-URL-DOC99307
/DOC99308,/us-en/NEW-URL-DOC99308
/DOC99309,/us-en/NEW-URL-DOC99309
/DOC99310,/us-en/NEW-URL-DOC99310
/DOC99311,/us-en/NEW-URL-DOC99311
/DOC99312,/us-en/NEW-URL-DOC99312
/DOC99313,/us-en/NEW-URL-DOC99313
/DOC99314,/us-en/NEW-URL-DOC99314
/DOC99315,/us-en/NEW-URL-DOC99315
/DOC99316,/us-en/NEW-URL-DOC99316
/DOC99317,/us-en/NEW-URL-DOC99317
/DOC99318,/us-en/NEW-URL-DOC99318
/DOC99319,/us-en/NEW-URL-DOC99319
/DOC99320,/us-en/NEW-URL-DOC99320
/DOC99321,/us-en/NEW-URL-DOC99321
/DOC99322,/us-en/NEW-URL-DOC99322
/DOC99323,/us-en/NEW-URL-DOC99323
/DOC99324,/us-en/NEW-URL-DOC99324
/DOC99325,/us-en/NEW-URL-DOC99325
/DOC99326,/us-en/NEW-URL-DOC99326
/DOC99327,/us-en/NEW-URL-DOC99327
/DOC99328,/us-en/NEW-URL-DOC99328
/DOC99329,/us-en/NEW-URL-DOC99329
/DOC99330,/us-en/NEW-URL-DOC99330
/DOC99331,/us-en/NEW-URL-DOC99331
/DOC99332,/us-en/NEW-URL-DOC99332
/DOC99333,/us-en/NEW-URL-DOC99333
/DOC99334,/us-en/NEW-URL-DOC99334
/DOC99335,/us-en/NEW-URL-DOC99335
/DOC99336,/us-en/NEW-URL-DOC99336
/DOC99337,/us-en/NEW-URL-DOC99337
/DOC99338,/us-en/NEW-URL-DOC99338
/DOC99339,/us-en/NEW-URL-DOC99339
/DOC99340,/us-en/NEW-URL-DOC99340
/DOC99341,/us-en/NEW-URL-DOC99341
/DOC99342,/us-en/NEW-URL-DOC99342
/DOC99343,/us-en/NEW-URL-DOC99343
/DOC99344,/us-en/NEW-URL-DOC99344
/DOC99345,/us-en/NEW-URL-DOC99345
/DOC99346,/us-en/NEW-URL-DOC99346
/DOC99347,/us-en/NEW-URL-DOC99347
/DOC99348,/us-en/NEW-URL-DOC99348
/DOC99349,/us-en/NEW-URL-DOC99349
/DOC99350,/us-en/NEW-URL-DOC99350
/DOC99351,/us-en/NEW-URL-DOC99351
/DOC99352,/us-en/NEW-URL-DOC99352
/DOC99353,/us-en/NEW-URL-DOC99353
/DOC99354,/us-en/NEW-URL-DOC99354
/DOC99355,/us-en/NEW-URL-DOC99355
/DOC99356,/us-en/NEW-URL-DOC99356
/DOC99357,/us-en/NEW-URL-DOC99357
/DOC99358,/us-en/NEW-URL-DOC99358
/DOC99359,/us-en/NEW-URL-DOC99359
/DOC99360,/us-en/NEW-URL-DOC99360
/DOC99361,/us-en/NEW-URL-DOC99361
/DOC99362,/us-en/NEW-URL-DOC99362
/DOC99363,/us-en/NEW-URL-DOC99363
/DOC99364,/us-en/NEW-URL-DOC99364
/DOC99365,/us-en/NEW-URL-DOC99365
/DOC99366,/us-en/NEW-URL-DOC99366
/DOC99367,/us-en/NEW-URL-DOC99367
/DOC99368,/us-en/NEW-URL-DOC99368
/DOC99369,/us-en/NEW-URL-DOC99369
/DOC99370,/us-en/NEW-URL-DOC99370
/DOC99371,/us-en/NEW-URL-DOC99371
/DOC99372,/us-en/NEW-URL-DOC99372
/DOC99373,/us-en/NEW-URL-DOC99373
/DOC99374,/us-en/NEW-URL-DOC99374
/DOC99375,/us-en/NEW-URL-DOC99375
/DOC99376,/us-en/NEW-URL-DOC99376
/DOC99377,/us-en/NEW-URL-DOC99377
/DOC99378,/us-en/NEW-URL-DOC99378
/DOC99379,/us-en/NEW-URL-DOC99379
/DOC99380,/us-en/NEW-URL-DOC99380
/DOC99381,/us-en/NEW-URL-DOC99381
/DOC99382,/us-en/NEW-URL-DOC99382
/DOC99383,/us-en/NEW-URL-DOC99383
/DOC99384,/us-en/NEW-URL-DOC99384
/DOC99385,/us-en/NEW-URL-DOC99385
/DOC99386,/us-en/NEW-URL-DOC99386
/DOC99387,/us-en/NEW-URL-DOC99387
/DOC99388,/us-en/NEW-URL-DOC99388
/DOC99389,/us-en/NEW-URL-DOC99389
/DOC99390,/us-en/NEW-URL-DOC99390
/DOC99391,/us-en/NEW-URL-DOC99391
/DOC99392,/us-en/NEW-URL-DOC99392
/DOC99393,/us-en/NEW-URL-DOC99393
/DOC99394,/us-en/NEW-URL-DOC99394
/DOC99395,/us-en/NEW-URL-DOC99395
/DOC99396,/us-en/NEW-URL-DOC99396
/DOC99397,/us-en/NEW-URL-DOC99397
/DOC99398,/us-en/NEW-URL-DOC99398
/DOC99399,/us-en/NEW-URL-DOC99399
/DOC99400,/us-en/NEW-URL-DOC99400
/DOC99401,/us-en/NEW-URL-DOC99401
/DOC99402,/us-en/NEW-URL-DOC99402
/DOC99403,/us-en/NEW-URL-DOC99403
/DOC99404,/us-en/NEW-URL-DOC99404
/DOC99405,/us-en/NEW-URL-DOC99405
/DOC99406,/us-en/NEW-URL-DOC99406
/DOC99407,/us-en/NEW-URL-DOC99407
/DOC99408,/us-en/NEW-URL-DOC99408
/DOC99409,/us-en/NEW-URL-DOC99409
/DOC99410,/us-en/NEW-URL-DOC99410
/DOC99411,/us-en/NEW-URL-DOC99411
/DOC99412,/us-en/NEW-URL-DOC99412
/DOC99413,/us-en/NEW-URL-DOC99413
/DOC99414,/us-en/NEW-URL-DOC99414
/DOC99415,/us-en/NEW-URL-DOC99415
/DOC99416,/us-en/NEW-URL-DOC99416
/DOC99417,/us-en/NEW-URL-DOC99417
/DOC99418,/us-en/NEW-URL-DOC99418
/DOC99419,/us-en/NEW-URL-DOC99419
/DOC99420,/us-en/NEW-URL-DOC99420
/DOC99421,/us-en/NEW-URL-DOC99421
/DOC99422,/us-en/NEW-URL-DOC99422
/DOC99423,/us-en/NEW-URL-DOC99423
/DOC99424,/us-en/NEW-URL-DOC99424
/DOC99425,/us-en/NEW-URL-DOC99425
/DOC99426,/us-en/NEW-URL-DOC99426
/DOC99427,/us-en/NEW-URL-DOC99427
/DOC99428,/us-en/NEW-URL-DOC99428
/DOC99429,/us-en/NEW-URL-DOC99429
/DOC99430,/us-en/NEW-URL-DOC99430
/DOC99431,/us-en/NEW-URL-DOC99431
/DOC99432,/us-en/NEW-URL-DOC99432
/DOC99433,/us-en/NEW-URL-DOC99433
/DOC99434,/us-en/NEW-URL-DOC99434
/DOC99435,/us-en/NEW-URL-DOC99435
/DOC99436,/us-en/NEW-URL-DOC99436
/DOC99437,/us-en/NEW-URL-DOC99437
/DOC99438,/us-en/NEW-URL-DOC99438
/DOC99439,/us-en/NEW-URL-DOC99439
/DOC99440,/us-en/NEW-URL-DOC99440
/DOC99441,/us-en/NEW-URL-DOC99441
/DOC99442,/us-en/NEW-URL-DOC99442
/DOC99443,/us-en/NEW-URL-DOC99443
/DOC99444,/us-en/NEW-URL-DOC99444
/DOC99445,/us-en/NEW-URL-DOC99445
/DOC99446,/us-en/NEW-URL-DOC99446
/DOC99447,/us-en/NEW-URL-DOC99447
/DOC99448,/us-en/NEW-URL-DOC99448
/DOC99449,/us-en/NEW-URL-DOC99449
/DOC99450,/us-en/NEW-URL-DOC99450
/DOC99451,/us-en/NEW-URL-DOC99451
/DOC99452,/us-en/NEW-URL-DOC99452
/DOC99453,/us-en/NEW-URL-DOC99453
/DOC99454,/us-en/NEW-URL-DOC99454
/DOC99455,/us-en/NEW-URL-DOC99455
/DOC99456,/us-en/NEW-URL-DOC99456
/DOC99457,/us-en/NEW-URL-DOC99457
/DOC99458,/us-en/NEW-URL-DOC99458
/DOC99459,/us-en/NEW-URL-DOC99459
/DOC99460,/us-en/NEW-URL-DOC99460
/DOC99461,/us-en/NEW-URL-DOC99461
/DOC99462,/us-en/NEW-URL-DOC99462
/DOC99463,/us-en/NEW-URL-DOC99463
/DOC99464,/us-en/NEW-URL-DOC99464
/DOC99465,/us-en/NEW-URL-DOC99465
/DOC99466,/us-en/NEW-URL-DOC99466
/DOC99467,/us-en/NEW-URL-DOC99467
/DOC99468,/us-en/NEW-URL-DOC99468
/DOC99469,/us-en/NEW-URL-DOC99469
/DOC99470,/us-en/NEW-URL-DOC99470
/DOC99471,/us-en/NEW-URL-DOC99471
/DOC99472,/us-en/NEW-URL-DOC99472
/DOC99473,/us-en/NEW-URL-DOC99473
/DOC99474,/us-en/NEW-URL-DOC99474
/DOC99475,/us-en/NEW-URL-DOC99475
/DOC99476,/us-en/NEW-URL-DOC99476
/DOC99477,/us-en/NEW-URL-DOC99477
/DOC99478,/us-en/NEW-URL-DOC99478
/DOC99479,/us-en/NEW-URL-DOC99479
/DOC99480,/us-en/NEW-URL-DOC99480
/DOC99481,/us-en/NEW-URL-DOC99481
/DOC99482,/us-en/NEW-URL-DOC99482
/DOC99483,/us-en/NEW-URL-DOC99483
/DOC99484,/us-en/NEW-URL-DOC99484
/DOC99485,/us-en/NEW-URL-DOC99485
/DOC99486,/us-en/NEW-URL-DOC99486
/DOC99487,/us-en/NEW-URL-DOC99487
/DOC99488,/us-en/NEW-URL-DOC99488
/DOC99489,/us-en/NEW-URL-DOC99489
/DOC99490,/us-en/NEW-URL-DOC99490
/DOC99491,/us-en/NEW-URL-DOC99491
/DOC99492,/us-en/NEW-URL-DOC99492
/DOC99493,/us-en/NEW-URL-DOC99493
/DOC99494,/us-en/NEW-URL-DOC99494
/DOC99495,/us-en/NEW-URL-DOC99495
/DOC99496,/us-en/NEW-URL-DOC99496
/DOC99497,/us-en/NEW-URL-DOC99497
/DOC99498,/us-en/NEW-URL-DOC99498
/DOC99499,/us-en/NEW-URL-DOC99499
/DOC99500,/us-en/NEW-URL-DOC99500
/DOC99501,/us-en/NEW-URL-DOC99501
/DOC99502,/us-en/NEW-URL-DOC99502
/DOC99503,/us-en/NEW-URL-DOC99503
/DOC99504,/us-en/NEW-URL-DOC99504
/DOC99505,/us-en/NEW-URL-DOC99505
/DOC99506,/us-en/NEW-URL-DOC99506
/DOC99507,/us-en/NEW-URL-DOC99507
/DOC99508,/us-en/NEW-URL-DOC99508
/DOC99509,/us-en/NEW-URL-DOC99509
/DOC99510,/us-en/NEW-URL-DOC99510
/DOC99511,/us-en/NEW-URL-DOC99511
/DOC99512,/us-en/NEW-URL-DOC99512
/DOC99513,/us-en/NEW-URL-DOC99513
/DOC99514,/us-en/NEW-URL-DOC99514
/DOC99515,/us-en/NEW-URL-DOC99515
/DOC99516,/us-en/NEW-URL-DOC99516
/DOC99517,/us-en/NEW-URL-DOC99517
/DOC99518,/us-en/NEW-URL-DOC99518
/DOC99519,/us-en/NEW-URL-DOC99519
/DOC99520,/us-en/NEW-URL-DOC99520
/DOC99521,/us-en/NEW-URL-DOC99521
/DOC99522,/us-en/NEW-URL-DOC99522
/DOC99523,/us-en/NEW-URL-DOC99523
/DOC99524,/us-en/NEW-URL-DOC99524
/DOC99525,/us-en/NEW-URL-DOC99525
/DOC99526,/us-en/NEW-URL-DOC99526
/DOC99527,/us-en/NEW-URL-DOC99527
/DOC99528,/us-en/NEW-URL-DOC99528
/DOC99529,/us-en/NEW-URL-DOC99529
/DOC99530,/us-en/NEW-URL-DOC99530
/DOC99531,/us-en/NEW-URL-DOC99531
/DOC99532,/us-en/NEW-URL-DOC99532
/DOC99533,/us-en/NEW-URL-DOC99533
/DOC99534,/us-en/NEW-URL-DOC99534
/DOC99535,/us-en/NEW-URL-DOC99535
/DOC99536,/us-en/NEW-URL-DOC99536
/DOC99537,/us-en/NEW-URL-DOC99537
/DOC99538,/us-en/NEW-URL-DOC99538
/DOC99539,/us-en/NEW-URL-DOC99539
/DOC99540,/us-en/NEW-URL-DOC99540
/DOC99541,/us-en/NEW-URL-DOC99541
/DOC99542,/us-en/NEW-URL-DOC99542
/DOC99543,/us-en/NEW-URL-DOC99543
/DOC99544,/us-en/NEW-URL-DOC99544
/DOC99545,/us-en/NEW-URL-DOC99545
/DOC99546,/us-en/NEW-URL-DOC99546
/DOC99547,/us-en/NEW-URL-DOC99547
/DOC99548,/us-en/NEW-URL-DOC99548
/DOC99549,/us-en/NEW-URL-DOC99549
/DOC99550,/us-en/NEW-URL-DOC99550
/DOC99551,/us-en/NEW-URL-DOC99551
/DOC99552,/us-en/NEW-URL-DOC99552
/DOC99553,/us-en/NEW-URL-DOC99553
/DOC99554,/us-en/NEW-URL-DOC99554
/DOC99555,/us-en/NEW-URL-DOC99555
/DOC99556,/us-en/NEW-URL-DOC99556
/DOC99557,/us-en/NEW-URL-DOC99557
/DOC99558,/us-en/NEW-URL-DOC99558
/DOC99559,/us-en/NEW-URL-DOC99559
/DOC99560,/us-en/NEW-URL-DOC99560
/DOC99561,/us-en/NEW-URL-DOC99561
/DOC99562,/us-en/NEW-URL-DOC99562
/DOC99563,/us-en/NEW-URL-DOC99563
/DOC99564,/us-en/NEW-URL-DOC99564
/DOC99565,/us-en/NEW-URL-DOC99565
/DOC99566,/us-en/NEW-URL-DOC99566
/DOC99567,/us-en/NEW-URL-DOC99567
/DOC99568,/us-en/NEW-URL-DOC99568
/DOC99569,/us-en/NEW-URL-DOC99569
/DOC99570,/us-en/NEW-URL-DOC99570
/DOC99571,/us-en/NEW-URL-DOC99571
/DOC99572,/us-en/NEW-URL-DOC99572
/DOC99573,/us-en/NEW-URL-DOC99573
/DOC99574,/us-en/NEW-URL-DOC99574
/DOC99575,/us-en/NEW-URL-DOC99575
/DOC99576,/us-en/NEW-URL-DOC99576
/DOC99577,/us-en/NEW-URL-DOC99577
/DOC99578,/us-en/NEW-URL-DOC99578
/DOC99579,/us-en/NEW-URL-DOC99579
/DOC99580,/us-en/NEW-URL-DOC99580
/DOC99581,/us-en/NEW-URL-DOC99581
/DOC99582,/us-en/NEW-URL-DOC99582
/DOC99583,/us-en/NEW-URL-DOC99583
/DOC99584,/us-en/NEW-URL-DOC99584
/DOC99585,/us-en/NEW-URL-DOC99585
/DOC99586,/us-en/NEW-URL-DOC99586
/DOC99587,/us-en/NEW-URL-DOC99587
/DOC99588,/us-en/NEW-URL-DOC99588
/DOC99589,/us-en/NEW-URL-DOC99589
/DOC99590,/us-en/NEW-URL-DOC99590
/DOC99591,/us-en/NEW-URL-DOC99591
/DOC99592,/us-en/NEW-URL-DOC99592
/DOC99593,/us-en/NEW-URL-DOC99593
/DOC99594,/us-en/NEW-URL-DOC99594
/DOC99595,/us-en/NEW-URL-DOC99595
/DOC99596,/us-en/NEW-URL-DOC99596
/DOC99597,/us-en/NEW-URL-DOC99597
/DOC99598,/us-en/NEW-URL-DOC99598
/DOC99599,/us-en/NEW-URL-DOC99599
/DOC99600,/us-en/NEW-URL-DOC99600
/DOC99601,/us-en/NEW-URL-DOC99601
/DOC99602,/us-en/NEW-URL-DOC99602
/DOC99603,/us-en/NEW-URL-DOC99603
/DOC99604,/us-en/NEW-URL-DOC99604
/DOC99605,/us-en/NEW-URL-DOC99605
/DOC99606,/us-en/NEW-URL-DOC99606
/DOC99607,/us-en/NEW-URL-DOC99607
/DOC99608,/us-en/NEW-URL-DOC99608
/DOC99609,/us-en/NEW-URL-DOC99609
/DOC99610,/us-en/NEW-URL-DOC99610
/DOC99611,/us-en/NEW-URL-DOC99611
/DOC99612,/us-en/NEW-URL-DOC99612
/DOC99613,/us-en/NEW-URL-DOC99613
/DOC99614,/us-en/NEW-URL-DOC99614
/DOC99615,/us-en/NEW-URL-DOC99615
/DOC99616,/us-en/NEW-URL-DOC99616
/DOC99617,/us-en/NEW-URL-DOC99617
/DOC99618,/us-en/NEW-URL-DOC99618
/DOC99619,/us-en/NEW-URL-DOC99619
/DOC99620,/us-en/NEW-URL-DOC99620
/DOC99621,/us-en/NEW-URL-DOC99621
/DOC99622,/us-en/NEW-URL-DOC99622
/DOC99623,/us-en/NEW-URL-DOC99623
/DOC99624,/us-en/NEW-URL-DOC99624
/DOC99625,/us-en/NEW-URL-DOC99625
/DOC99626,/us-en/NEW-URL-DOC99626
/DOC99627,/us-en/NEW-URL-DOC99627
/DOC99628,/us-en/NEW-URL-DOC99628
/DOC99629,/us-en/NEW-URL-DOC99629
/DOC99630,/us-en/NEW-URL-DOC99630
/DOC99631,/us-en/NEW-URL-DOC99631
/DOC99632,/us-en/NEW-URL-DOC99632
/DOC99633,/us-en/NEW-URL-DOC99633
/DOC99634,/us-en/NEW-URL-DOC99634
/DOC99635,/us-en/NEW-URL-DOC99635
/DOC99636,/us-en/NEW-URL-DOC99636
/DOC99637,/us-en/NEW-URL-DOC99637
/DOC99638,/us-en/NEW-URL-DOC99638
/DOC99639,/us-en/NEW-URL-DOC99639
/DOC99640,/us-en/NEW-URL-DOC99640
/DOC99641,/us-en/NEW-URL-DOC99641
/DOC99642,/us-en/NEW-URL-DOC99642
/DOC99643,/us-en/NEW-URL-DOC99643
/DOC99644,/us-en/NEW-URL-DOC99644
/DOC99645,/us-en/NEW-URL-DOC99645
/DOC99646,/us-en/NEW-URL-DOC99646
/DOC99647,/us-en/NEW-URL-DOC99647
/DOC99648,/us-en/NEW-URL-DOC99648
/DOC99649,/us-en/NEW-URL-DOC99649
/DOC99650,/us-en/NEW-URL-DOC99650
/DOC99651,/us-en/NEW-URL-DOC99651
/DOC99652,/us-en/NEW-URL-DOC99652
/DOC99653,/us-en/NEW-URL-DOC99653
/DOC99654,/us-en/NEW-URL-DOC99654
/DOC99655,/us-en/NEW-URL-DOC99655
/DOC99656,/us-en/NEW-URL-DOC99656
/DOC99657,/us-en/NEW-URL-DOC99657
/DOC99658,/us-en/NEW-URL-DOC99658
/DOC99659,/us-en/NEW-URL-DOC99659
/DOC99660,/us-en/NEW-URL-DOC99660
/DOC99661,/us-en/NEW-URL-DOC99661
/DOC99662,/us-en/NEW-URL-DOC99662
/DOC99663,/us-en/NEW-URL-DOC99663
/DOC99664,/us-en/NEW-URL-DOC99664
/DOC99665,/us-en/NEW-URL-DOC99665
/DOC99666,/us-en/NEW-URL-DOC99666
/DOC99667,/us-en/NEW-URL-DOC99667
/DOC99668,/us-en/NEW-URL-DOC99668
/DOC99669,/us-en/NEW-URL-DOC99669
/DOC99670,/us-en/NEW-URL-DOC99670
/DOC99671,/us-en/NEW-URL-DOC99671
/DOC99672,/us-en/NEW-URL-DOC99672
/DOC99673,/us-en/NEW-URL-DOC99673
/DOC99674,/us-en/NEW-URL-DOC99674
/DOC99675,/us-en/NEW-URL-DOC99675
/DOC99676,/us-en/NEW-URL-DOC99676
/DOC99677,/us-en/NEW-URL-DOC99677
/DOC99678,/us-en/NEW-URL-DOC99678
/DOC99679,/us-en/NEW-URL-DOC99679
/DOC99680,/us-en/NEW-URL-DOC99680
/DOC99681,/us-en/NEW-URL-DOC99681
/DOC99682,/us-en/NEW-URL-DOC99682
/DOC99683,/us-en/NEW-URL-DOC99683
/DOC99684,/us-en/NEW-URL-DOC99684
/DOC99685,/us-en/NEW-URL-DOC99685
/DOC99686,/us-en/NEW-URL-DOC99686
/DOC99687,/us-en/NEW-URL-DOC99687
/DOC99688,/us-en/NEW-URL-DOC99688
/DOC99689,/us-en/NEW-URL-DOC99689
/DOC99690,/us-en/NEW-URL-DOC99690
/DOC99691,/us-en/NEW-URL-DOC99691
/DOC99692,/us-en/NEW-URL-DOC99692
/DOC99693,/us-en/NEW-URL-DOC99693
/DOC99694,/us-en/NEW-URL-DOC99694
/DOC99695,/us-en/NEW-URL-DOC99695
/DOC99696,/us-en/NEW-URL-DOC99696
/DOC99697,/us-en/NEW-URL-DOC99697
/DOC99698,/us-en/NEW-URL-DOC99698
/DOC99699,/us-en/NEW-URL-DOC99699
/DOC99700,/us-en/NEW-URL-DOC99700
/DOC99701,/us-en/NEW-URL-DOC99701
/DOC99702,/us-en/NEW-URL-DOC99702
/DOC99703,/us-en/NEW-URL-DOC99703
/DOC99704,/us-en/NEW-URL-DOC99704
/DOC99705,/us-en/NEW-URL-DOC99705
/DOC99706,/us-en/NEW-URL-DOC99706
/DOC99707,/us-en/NEW-URL-DOC99707
/DOC99708,/us-en/NEW-URL-DOC99708
/DOC99709,/us-en/NEW-URL-DOC99709
/DOC99710,/us-en/NEW-URL-DOC99710
/DOC99711,/us-en/NEW-URL-DOC99711
/DOC99712,/us-en/NEW-URL-DOC99712
/DOC99713,/us-en/NEW-URL-DOC99713
/DOC99714,/us-en/NEW-URL-DOC99714
/DOC99715,/us-en/NEW-URL-DOC99715
/DOC99716,/us-en/NEW-URL-DOC99716
/DOC99717,/us-en/NEW-URL-DOC99717
/DOC99718,/us-en/NEW-URL-DOC99718
/DOC99719,/us-en/NEW-URL-DOC99719
/DOC99720,/us-en/NEW-URL-DOC99720
/DOC99721,/us-en/NEW-URL-DOC99721
/DOC99722,/us-en/NEW-URL-DOC99722
/DOC99723,/us-en/NEW-URL-DOC99723
/DOC99724,/us-en/NEW-URL-DOC99724
/DOC99725,/us-en/NEW-URL-DOC99725
/DOC99726,/us-en/NEW-URL-DOC99726
/DOC99727,/us-en/NEW-URL-DOC99727
/DOC99728,/us-en/NEW-URL-DOC99728
/DOC99729,/us-en/NEW-URL-DOC99729
/DOC99730,/us-en/NEW-URL-DOC99730
/DOC99731,/us-en/NEW-URL-DOC99731
/DOC99732,/us-en/NEW-URL-DOC99732
/DOC99733,/us-en/NEW-URL-DOC99733
/DOC99734,/us-en/NEW-URL-DOC99734
/DOC99735,/us-en/NEW-URL-DOC99735
/DOC99736,/us-en/NEW-URL-DOC99736
/DOC99737,/us-en/NEW-URL-DOC99737
/DOC99738,/us-en/NEW-URL-DOC99738
/DOC99739,/us-en/NEW-URL-DOC99739
/DOC99740,/us-en/NEW-URL-DOC99740
/DOC99741,/us-en/NEW-URL-DOC99741
/DOC99742,/us-en/NEW-URL-DOC99742
/DOC99743,/us-en/NEW-URL-DOC99743
/DOC99744,/us-en/NEW-URL-DOC99744
/DOC99745,/us-en/NEW-URL-DOC99745
/DOC99746,/us-en/NEW-URL-DOC99746
/DOC99747,/us-en/NEW-URL-DOC99747
/DOC99748,/us-en/NEW-URL-DOC99748
/DOC99749,/us-en/NEW-URL-DOC99749
/DOC99750,/us-en/NEW-URL-DOC99750
/DOC99751,/us-en/NEW-URL-DOC99751
/DOC99752,/us-en/NEW-URL-DOC99752
/DOC99753,/us-en/NEW-URL-DOC99753
/DOC99754,/us-en/NEW-URL-DOC99754
/DOC99755,/us-en/NEW-URL-DOC99755
/DOC99756,/us-en/NEW-URL-DOC99756
/DOC99757,/us-en/NEW-URL-DOC99757
/DOC99758,/us-en/NEW-URL-DOC99758
/DOC99759,/us-en/NEW-URL-DOC99759
/DOC99760,/us-en/NEW-URL-DOC99760
/DOC99761,/us-en/NEW-URL-DOC99761
/DOC99762,/us-en/NEW-URL-DOC99762
/DOC99763,/us-en/NEW-URL-DOC99763
/DOC99764,/us-en/NEW-URL-DOC99764
/DOC99765,/us-en/NEW-URL-DOC99765
/DOC99766,/us-en/NEW-URL-DOC99766
/DOC99767,/us-en/NEW-URL-DOC99767
/DOC99768,/us-en/NEW-URL-DOC99768
/DOC99769,/us-en/NEW-URL-DOC99769
/DOC99770,/us-en/NEW-URL-DOC99770
/DOC99771,/us-en/NEW-URL-DOC99771
/DOC99772,/us-en/NEW-URL-DOC99772
/DOC99773,/us-en/NEW-URL-DOC99773
/DOC99774,/us-en/NEW-URL-DOC99774
/DOC99775,/us-en/NEW-URL-DOC99775
/DOC99776,/us-en/NEW-URL-DOC99776
/DOC99777,/us-en/NEW-URL-DOC99777
/DOC99778,/us-en/NEW-URL-DOC99778
/DOC99779,/us-en/NEW-URL-DOC99779
/DOC99780,/us-en/NEW-URL-DOC99780
/DOC99781,/us-en/NEW-URL-DOC99781
/DOC99782,/us-en/NEW-URL-DOC99782
/DOC99783,/us-en/NEW-URL-DOC99783
/DOC99784,/us-en/NEW-URL-DOC99784
/DOC99785,/us-en/NEW-URL-DOC99785
/DOC99786,/us-en/NEW-URL-DOC99786
/DOC99787,/us-en/NEW-URL-DOC99787
/DOC99788,/us-en/NEW-URL-DOC99788
/DOC99789,/us-en/NEW-URL-DOC99789
/DOC99790,/us-en/NEW-URL-DOC99790
/DOC99791,/us-en/NEW-URL-DOC99791
/DOC99792,/us-en/NEW-URL-DOC99792
/DOC99793,/us-en/NEW-URL-DOC99793
/DOC99794,/us-en/NEW-URL-DOC99794
/DOC99795,/us-en/NEW-URL-DOC99795
/DOC99796,/us-en/NEW-URL-DOC99796
/DOC99797,/us-en/NEW-URL-DOC99797
/DOC99798,/us-en/NEW-URL-DOC99798
/DOC99799,/us-en/NEW-URL-DOC99799
/DOC99800,/us-en/NEW-URL-DOC99800
/DOC99801,/us-en/NEW-URL-DOC99801
/DOC99802,/us-en/NEW-URL-DOC99802
/DOC99803,/us-en/NEW-URL-DOC99803
/DOC99804,/us-en/NEW-URL-DOC99804
/DOC99805,/us-en/NEW-URL-DOC99805
/DOC99806,/us-en/NEW-URL-DOC99806
/DOC99807,/us-en/NEW-URL-DOC99807
/DOC99808,/us-en/NEW-URL-DOC99808
/DOC99809,/us-en/NEW-URL-DOC99809
/DOC99810,/us-en/NEW-URL-DOC99810
/DOC99811,/us-en/NEW-URL-DOC99811
/DOC99812,/us-en/NEW-URL-DOC99812
/DOC99813,/us-en/NEW-URL-DOC99813
/DOC99814,/us-en/NEW-URL-DOC99814
/DOC99815,/us-en/NEW-URL-DOC99815
/DOC99816,/us-en/NEW-URL-DOC99816
/DOC99817,/us-en/NEW-URL-DOC99817
/DOC99818,/us-en/NEW-URL-DOC99818
/DOC99819,/us-en/NEW-URL-DOC99819
/DOC99820,/us-en/NEW-URL-DOC99820
/DOC99821,/us-en/NEW-URL-DOC99821
/DOC99822,/us-en/NEW-URL-DOC99822
/DOC99823,/us-en/NEW-URL-DOC99823
/DOC99824,/us-en/NEW-URL-DOC99824
/DOC99825,/us-en/NEW-URL-DOC99825
/DOC99826,/us-en/NEW-URL-DOC99826
/DOC99827,/us-en/NEW-URL-DOC99827
/DOC99828,/us-en/NEW-URL-DOC99828
/DOC99829,/us-en/NEW-URL-DOC99829
/DOC99830,/us-en/NEW-URL-DOC99830
/DOC99831,/us-en/NEW-URL-DOC99831
/DOC99832,/us-en/NEW-URL-DOC99832
/DOC99833,/us-en/NEW-URL-DOC99833
/DOC99834,/us-en/NEW-URL-DOC99834
/DOC99835,/us-en/NEW-URL-DOC99835
/DOC99836,/us-en/NEW-URL-DOC99836
/DOC99837,/us-en/NEW-URL-DOC99837
/DOC99838,/us-en/NEW-URL-DOC99838
/DOC99839,/us-en/NEW-URL-DOC99839
/DOC99840,/us-en/NEW-URL-DOC99840
/DOC99841,/us-en/NEW-URL-DOC99841
/DOC99842,/us-en/NEW-URL-DOC99842
/DOC99843,/us-en/NEW-URL-DOC99843
/DOC99844,/us-en/NEW-URL-DOC99844
/DOC99845,/us-en/NEW-URL-DOC99845
/DOC99846,/us-en/NEW-URL-DOC99846
/DOC99847,/us-en/NEW-URL-DOC99847
/DOC99848,/us-en/NEW-URL-DOC99848
/DOC99849,/us-en/NEW-URL-DOC99849
/DOC99850,/us-en/NEW-URL-DOC99850
/DOC99851,/us-en/NEW-URL-DOC99851
/DOC99852,/us-en/NEW-URL-DOC99852
/DOC99853,/us-en/NEW-URL-DOC99853
/DOC99854,/us-en/NEW-URL-DOC99854
/DOC99855,/us-en/NEW-URL-DOC99855
/DOC99856,/us-en/NEW-URL-DOC99856
/DOC99857,/us-en/NEW-URL-DOC99857
/DOC99858,/us-en/NEW-URL-DOC99858
/DOC99859,/us-en/NEW-URL-DOC99859
/DOC99860,/us-en/NEW-URL-DOC99860
/DOC99861,/us-en/NEW-URL-DOC99861
/DOC99862,/us-en/NEW-URL-DOC99862
/DOC99863,/us-en/NEW-URL-DOC99863
/DOC99864,/us-en/NEW-URL-DOC99864
/DOC99865,/us-en/NEW-URL-DOC99865
/DOC99866,/us-en/NEW-URL-DOC99866
/DOC99867,/us-en/NEW-URL-DOC99867
/DOC99868,/us-en/NEW-URL-DOC99868
/DOC99869,/us-en/NEW-URL-DOC99869
/DOC99870,/us-en/NEW-URL-DOC99870
/DOC99871,/us-en/NEW-URL-DOC99871
/DOC99872,/us-en/NEW-URL-DOC99872
/DOC99873,/us-en/NEW-URL-DOC99873
/DOC99874,/us-en/NEW-URL-DOC99874
/DOC99875,/us-en/NEW-URL-DOC99875
/DOC99876,/us-en/NEW-URL-DOC99876
/DOC99877,/us-en/NEW-URL-DOC99877
/DOC99878,/us-en/NEW-URL-DOC99878
/DOC99879,/us-en/NEW-URL-DOC99879
/DOC99880,/us-en/NEW-URL-DOC99880
/DOC99881,/us-en/NEW-URL-DOC99881
/DOC99882,/us-en/NEW-URL-DOC99882
/DOC99883,/us-en/NEW-URL-DOC99883
/DOC99884,/us-en/NEW-URL-DOC99884
/DOC99885,/us-en/NEW-URL-DOC99885
/DOC99886,/us-en/NEW-URL-DOC99886
/DOC99887,/us-en/NEW-URL-DOC99887
/DOC99888,/us-en/NEW-URL-DOC99888
/DOC99889,/us-en/NEW-URL-DOC99889
/DOC99890,/us-en/NEW-URL-DOC99890
/DOC99891,/us-en/NEW-URL-DOC99891
/DOC99892,/us-en/NEW-URL-DOC99892
/DOC99893,/us-en/NEW-URL-DOC99893
/DOC99894,/us-en/NEW-URL-DOC99894
/DOC99895,/us-en/NEW-URL-DOC99895
/DOC99896,/us-en/NEW-URL-DOC99896
/DOC99897,/us-en/NEW-URL-DOC99897
/DOC99898,/us-en/NEW-URL-DOC99898
/DOC99899,/us-en/NEW-URL-DOC99899
/DOC99900,/us-en/NEW-URL-DOC99900
/DOC99901,/us-en/NEW-URL-DOC99901
/DOC99902,/us-en/NEW-URL-DOC99902
/DOC99903,/us-en/NEW-URL-DOC99903
/DOC99904,/us-en/NEW-URL-DOC99904
/DOC99905,/us-en/NEW-URL-DOC99905
/DOC99906,/us-en/NEW-URL-DOC99906
/DOC99907,/us-en/NEW-URL-DOC99907
/DOC99908,/us-en/NEW-URL-DOC99908
/DOC99909,/us-en/NEW-URL-DOC99909
/DOC99910,/us-en/NEW-URL-DOC99910
/DOC99911,/us-en/NEW-URL-DOC99911
/DOC99912,/us-en/NEW-URL-DOC99912
/DOC99913,/us-en/NEW-URL-DOC99913
/DOC99914,/us-en/NEW-URL-DOC99914
/DOC99915,/us-en/NEW-URL-DOC99915
/DOC99916,/us-en/NEW-URL-DOC99916
/DOC99917,/us-en/NEW-URL-DOC99917
/DOC99918,/us-en/NEW-URL-DOC99918
/DOC99919,/us-en/NEW-URL-DOC99919
/DOC99920,/us-en/NEW-URL-DOC99920
/DOC99921,/us-en/NEW-URL-DOC99921
/DOC99922,/us-en/NEW-URL-DOC99922
/DOC99923,/us-en/NEW-URL-DOC99923
/DOC99924,/us-en/NEW-URL-DOC99924
/DOC99925,/us-en/NEW-URL-DOC99925
/DOC99926,/us-en/NEW-URL-DOC99926
/DOC99927,/us-en/NEW-URL-DOC99927
/DOC99928,/us-en/NEW-URL-DOC99928
/DOC99929,/us-en/NEW-URL-DOC99929
/DOC99930,/us-en/NEW-URL-DOC99930
/DOC99931,/us-en/NEW-URL-DOC99931
/DOC99932,/us-en/NEW-URL-DOC99932
/DOC99933,/us-en/NEW-URL-DOC99933
/DOC99934,/us-en/NEW-URL-DOC99934
/DOC99935,/us-en/NEW-URL-DOC99935
/DOC99936,/us-en/NEW-URL-DOC99936
/DOC99937,/us-en/NEW-URL-DOC99937
/DOC99938,/us-en/NEW-URL-DOC99938
/DOC99939,/us-en/NEW-URL-DOC99939
/DOC99940,/us-en/NEW-URL-DOC99940
/DOC99941,/us-en/NEW-URL-DOC99941
/DOC99942,/us-en/NEW-URL-DOC99942
/DOC99943,/us-en/NEW-URL-DOC99943
/DOC99944,/us-en/NEW-URL-DOC99944
/DOC99945,/us-en/NEW-URL-DOC99945
/DOC99946,/us-en/NEW-URL-DOC99946
/DOC99947,/us-en/NEW-URL-DOC99947
/DOC99948,/us-en/NEW-URL-DOC99948
/DOC99949,/us-en/NEW-URL-DOC99949
/DOC99950,/us-en/NEW-URL-DOC99950
/DOC99951,/us-en/NEW-URL-DOC99951
/DOC99952,/us-en/NEW-URL-DOC99952
/DOC99953,/us-en/NEW-URL-DOC99953
/DOC99954,/us-en/NEW-URL-DOC99954
/DOC99955,/us-en/NEW-URL-DOC99955
/DOC99956,/us-en/NEW-URL-DOC99956
/DOC99957,/us-en/NEW-URL-DOC99957
/DOC99958,/us-en/NEW-URL-DOC99958
/DOC99959,/us-en/NEW-URL-DOC99959
/DOC99960,/us-en/NEW-URL-DOC99960
/DOC99961,/us-en/NEW-URL-DOC99961
/DOC99962,/us-en/NEW-URL-DOC99962
/DOC99963,/us-en/NEW-URL-DOC99963
/DOC99964,/us-en/NEW-URL-DOC99964
/DOC99965,/us-en/NEW-URL-DOC99965
/DOC99966,/us-en/NEW-URL-DOC99966
/DOC99967,/us-en/NEW-URL-DOC99967
/DOC99968,/us-en/NEW-URL-DOC99968
/DOC99969,/us-en/NEW-URL-DOC99969
/DOC99970,/us-en/NEW-URL-DOC99970
/DOC99971,/us-en/NEW-URL-DOC99971
/DOC99972,/us-en/NEW-URL-DOC99972
/DOC99973,/us-en/NEW-URL-DOC99973
/DOC99974,/us-en/NEW-URL-DOC99974
/DOC99975,/us-en/NEW-URL-DOC99975
/DOC99976,/us-en/NEW-URL-DOC99976
/DOC99977,/us-en/NEW-URL-DOC99977
/DOC99978,/us-en/NEW-URL-DOC99978
/DOC99979,/us-en/NEW-URL-DOC99979
/DOC99980,/us-en/NEW-URL-DOC99980
/DOC99981,/us-en/NEW-URL-DOC99981
/DOC99982,/us-en/NEW-URL-DOC99982
/DOC99983,/us-en/NEW-URL-DOC99983
/DOC99984,/us-en/NEW-URL-DOC99984
/DOC99985,/us-en/NEW-URL-DOC99985
/DOC99986,/us-en/NEW-URL-DOC99986
/DOC99987,/us-en/NEW-URL-DOC99987
/DOC99988,/us-en/NEW-URL-DOC99988
/DOC99989,/us-en/NEW-URL-DOC99989
/DOC99990,/us-en/NEW-URL-DOC99990
/DOC99991,/us-en/NEW-URL-DOC99991
/DOC99992,/us-en/NEW-URL-DOC99992
/DOC99993,/us-en/NEW-URL-DOC99993
/DOC99994,/us-en/NEW-URL-DOC99994
/DOC99995,/us-en/NEW-URL-DOC99995
/DOC99996,/us-en/NEW-URL-DOC99996
/DOC99997,/us-en/NEW-URL-DOC99997
/DOC99998,/us-en/NEW-URL-DOC99998
/DOC99999,/us-en/NEW-URL-DOC99999