source URL,target URL,Validation Status
https://www.example.com/DOC99000,https://www.example.com/us-en/NEW-URL-DOC99000,False
https://www.example.com/DOC99001,https://www.example.com/us-en/NEW-URL-DOC99001,False
https://www.example.com/DOC99002,https://www.example.com/us-en/NEW-URL-DOC99002,False
https://www.example.com/DOC99003,https://www.example.com/us-en/NEW-URL-DOC99003,False
https://www.example.com/DOC99004,https://www.example.com/us-en/NEW-URL-DOC99004,False
https://www.example.com/DOC99005,https://www.example.com/us-en/NEW-URL-DOC99005,False
https://www.example.com/DOC99006,https://www.example.com/us-en/NEW-URL-DOC99006,False
https://www.example.com/DOC99007,https://www.example.com/us-en/NEW-URL-DOC99007,False
https://www.example.com/DOC99008,https://www.example.com/us-en/NEW-URL-DOC99008,False
https://www.example.com/DOC99009,https://www.example.com/us-en/NEW-URL-DOC99009,False
https://www.example.com/DOC99010,https://www.example.com/us-en/NEW-URL-DOC99010,False
https://www.example.com/DOC99011,https://www.example.com/us-en/NEW-URL-DOC99011,False
https://www.example.com/DOC99012,https://www.example.com/us-en/NEW-URL-DOC99012,False
https://www.example.com/DOC99013,https://www.example.com/us-en/NEW-URL-DOC99013,False
https://www.example.com/DOC99014,https://www.example.com/us-en/NEW-URL-DOC99014,False
https://www.example.com/DOC99015,https://www.example.com/us-en/NEW-URL-DOC99015,False
https://www.example.com/DOC99016,https://www.example.com/us-en/NEW-URL-DOC99016,False
https://www.example.com/DOC99017,https://www.example.com/us-en/NEW-URL-DOC99017,False
https://www.example.com/DOC99018,https://www.example.com/us-en/NEW-URL-DOC99018,False
https://www.example.com/DOC99019,https://www.example.com/us-en/NEW-URL-DOC99019,False
https://www.example.com/DOC99020,https://www.example.com/us-en/NEW-URL-DOC99020,False
https://www.example.com/DOC99021,https://www.example.com/us-en/NEW-URL-DOC99021,False
https://www.example.com/DOC99022,https://www.example.com/us-en/NEW-URL-DOC99022,False
https://www.example.com/DOC99023,https://www.example.com/us-en/NEW-URL-DOC99023,False
https://www.example.com/DOC99024,https://www.example.com/us-en/NEW-URL-DOC99024,False
https://www.example.com/DOC99025,https://www.example.com/us-en/NEW-URL-DOC99025,False
https://www.example.com/DOC99026,https://www.example.com/us-en/NEW-URL-DOC99026,False
https://www.example.com/DOC99027,https://www.example.com/us-en/NEW-URL-DOC99027,False
https://www.example.com/DOC99028,https://www.example.com/us-en/NEW-URL-DOC99028,False
https://www.example.com/DOC99029,https://www.example.com/us-en/NEW-URL-DOC99029,False
https://www.example.com/DOC99030,https://www.example.com/us-en/NEW-URL-DOC99030,False
https://www.example.com/DOC99031,https://www.example.com/us-en/NEW-URL-DOC99031,False
https://www.example.com/DOC99032,https://www.example.com/us-en/NEW-URL-DOC99032,False
https://www.example.com/DOC99033,https://www.example.com/us-en/NEW-URL-DOC99033,False
https://www.example.com/DOC99034,https://www.example.com/us-en/NEW-URL-DOC99034,False
https://www.example.com/DOC99035,https://www.example.com/us-en/NEW-URL-DOC99035,False
https://www.example.com/DOC99036,https://www.example.com/us-en/NEW-URL-DOC99036,False
https://www.example.com/DOC99037,https://www.example.com/us-en/NEW-URL-DOC99037,False
https://www.example.com/DOC99038,https://www.example.com/us-en/NEW-URL-DOC99038,False
https://www.example.com/DOC99039,https://www.example.com/us-en/NEW-URL-DOC99039,False
https://www.example.com/DOC99040,https://www.example.com/us-en/NEW-URL-DOC99040,False
https://www.example.com/DOC99041,https://www.example.com/us-en/NEW-URL-DOC99041,False
https://www.example.com/DOC99042,https://www.example.com/us-en/NEW-URL-DOC99042,False
https://www.example.com/DOC99043,https://www.example.com/us-en/NEW-URL-DOC99043,False
https://www.example.com/DOC99044,https://www.example.com/us-en/NEW-URL-DOC99044,False
https://www.example.com/DOC99045,https://www.example.com/us-en/NEW-URL-DOC99045,False
https://www.example.com/DOC99046,https://www.example.com/us-en/NEW-URL-DOC99046,False
https://www.example.com/DOC99047,https://www.example.com/us-en/NEW-URL-DOC99047,False
https://www.example.com/DOC99048,https://www.example.com/us-en/NEW-URL-DOC99048,False
https://www.example.com/DOC99049,https://www.example.com/us-en/NEW-URL-DOC99049,False
https://www.example.com/DOC99050,https://www.example.com/us-en/NEW-URL-DOC99050,False
https://www.example.com/DOC99051,https://www.example.com/us-en/NEW-URL-DOC99051,False
https://www.example.com/DOC99052,https://www.example.com/us-en/NEW-URL-DOC99052,False
https://www.example.com/DOC99053,https://www.example.com/us-en/NEW-URL-DOC99053,False
https://www.example.com/DOC99054,https://www.example.com/us-en/NEW-URL-DOC99054,False
https://www.example.com/DOC99055,https://www.example.com/us-en/NEW-URL-DOC99055,False
https://www.example.com/DOC99056,https://www.example.com/us-en/NEW-URL-DOC99056,False
https://www.example.com/DOC99057,https://www.example.com/us-en/NEW-URL-DOC99057,False
https://www.example.com/DOC99058,https://www.example.com/us-en/NEW-URL-DOC99058,False
https://www.example.com/DOC99059,https://www.example.com/us-en/NEW-URL-DOC99059,False
https://www.example.com/DOC99060,https://www.example.com/us-en/NEW-URL-DOC99060,False
https://www.example.com/DOC99061,https://www.example.com/us-en/NEW-URL-DOC99061,False
https://www.example.com/DOC99062,https://www.example.com/us-en/NEW-URL-DOC99062,False
https://www.example.com/DOC99063,https://www.example.com/us-en/NEW-URL-DOC99063,False
https://www.example.com/DOC99064,https://www.example.com/us-en/NEW-URL-DOC99064,False
https://www.example.com/DOC99065,https://www.example.com/us-en/NEW-URL-DOC99065,False
https://www.example.com/DOC99066,https://www.example.com/us-en/NEW-URL-DOC99066,False
https://www.example.com/DOC99067,https://www.example.com/us-en/NEW-URL-DOC99067,False
https://www.example.com/DOC99068,https://www.example.com/us-en/NEW-URL-DOC99068,False
https://www.example.com/DOC99069,https://www.example.com/us-en/NEW-URL-DOC99069,False
https://www.example.com/DOC99070,https://www.example.com/us-en/NEW-URL-DOC99070,False
https://www.example.com/DOC99071,https://www.example.com/us-en/NEW-URL-DOC99071,False
https://www.example.com/DOC99072,https://www.example.com/us-en/NEW-URL-DOC99072,False
https://www.example.com/DOC99073,https://www.example.com/us-en/NEW-URL-DOC99073,False
https://www.example.com/DOC99074,https://www.example.com/us-en/NEW-URL-DOC99074,False
https://www.example.com/DOC99075,https://www.example.com/us-en/NEW-URL-DOC99075,False
https://www.example.com/DOC99076,https://www.example.com/us-en/NEW-URL-DOC99076,False
https://www.example.com/DOC99077,https://www.example.com/us-en/NEW-URL-DOC99077,False
https://www.example.com/DOC99078,https://www.example.com/us-en/NEW-URL-DOC99078,False
https://www.example.com/DOC99079,https://www.example.com/us-en/NEW-URL-DOC99079,False
https://www.example.com/DOC99080,https://www.example.com/us-en/NEW-URL-DOC99080,False
https://www.example.com/DOC99081,https://www.example.com/us-en/NEW-URL-DOC99081,False
https://www.example.com/DOC99082,https://www.example.com/us-en/NEW-URL-DOC99082,False
https://www.example.com/DOC99083,https://www.example.com/us-en/NEW-URL-DOC99083,False
https://www.example.com/DOC99084,https://www.example.com/us-en/NEW-URL-DOC99084,False
https://www.example.com/DOC99085,https://www.example.com/us-en/NEW-URL-DOC99085,False
https://www.example.com/DOC99086,https://www.example.com/us-en/NEW-URL-DOC99086,False
https://www.example.com/DOC99087,https://www.example.com/us-en/NEW-URL-DOC99087,False
https://www.example.com/DOC99088,https://www.example.com/us-en/NEW-URL-DOC99088,False
https://www.example.com/DOC99089,https://www.example.com/us-en/NEW-URL-DOC99089,False
https://www.example.com/DOC99090,https://www.example.com/us-en/NEW-URL-DOC99090,False
https://www.example.com/DOC99091,https://www.example.com/us-en/NEW-URL-DOC99091,False
https://www.example.com/DOC99092,https://www.example.com/us-en/NEW-URL-DOC99092,False
https://www.example.com/DOC99093,https://www.example.com/us-en/NEW-URL-DOC99093,False
https://www.example.com/DOC99094,https://www.example.com/us-en/NEW-URL-DOC99094,False
https://www.example.com/DOC99095,https://www.example.com/us-en/NEW-URL-DOC99095,False
https://www.example.com/DOC99096,https://www.example.com/us-en/NEW-URL-DOC99096,False
https://www.example.com/DOC99097,https://www.example.com/us-en/NEW-URL-DOC99097,False
https://www.example.com/DOC99098,https://www.example.com/us-en/NEW-URL-DOC99098,False
https://www.example.com/DOC99099,https://www.example.com/us-en/NEW-URL-DOC99099,False
https://www.example.com/DOC99100,https://www.example.com/us-en/NEW-URL-DOC99100,False
https://www.example.com/DOC99101,https://www.example.com/us-en/NEW-URL-DOC99101,False
https://www.example.com/DOC99102,https://www.example.com/us-en/NEW-URL-DOC99102,False
https://www.example.com/DOC99103,https://www.example.com/us-en/NEW-URL-DOC99103,False
https://www.example.com/DOC99104,https://www.example.com/us-en/NEW-URL-DOC99104,False
https://www.example.com/DOC99105,https://www.example.com/us-en/NEW-URL-DOC99105,False
https://www.example.com/DOC99106,https://www.example.com/us-en/NEW-URL-DOC99106,False
https://www.example.com/DOC99107,https://www.example.com/us-en/NEW-URL-DOC99107,False
https://www.example.com/DOC99108,https://www.example.com/us-en/NEW-URL-DOC99108,False
https://www.example.com/DOC99109,https://www.example.com/us-en/NEW-URL-DOC99109,False
https://www.example.com/DOC99110,https://www.example.com/us-en/NEW-URL-DOC99110,False
https://www.example.com/DOC99111,https://www.example.com/us-en/NEW-URL-DOC99111,False
https://www.example.com/DOC99112,https://www.example.com/us-en/NEW-URL-DOC99112,False
https://www.example.com/DOC99113,https://www.example.com/us-en/NEW-URL-DOC99113,False
https://www.example.com/DOC99114,https://www.example.com/us-en/NEW-URL-DOC99114,False
https://www.example.com/DOC99115,https://www.example.com/us-en/NEW-URL-DOC99115,False
https://www.example.com/DOC99116,https://www.example.com/us-en/NEW-URL-DOC99116,False
https://www.example.com/DOC99117,https://www.example.com/us-en/NEW-URL-DOC99117,False
https://www.example.com/DOC99118,https://www.example.com/us-en/NEW-URL-DOC99118,False
https://www.example.com/DOC99119,https://www.example.com/us-en/NEW-URL-DOC99119,False
https://www.example.com/DOC99120,https://www.example.com/us-en/NEW-URL-DOC99120,False
https://www.example.com/DOC99121,https://www.example.com/us-en/NEW-URL-DOC99121,False
https://www.example.com/DOC99122,https://www.example.com/us-en/NEW-URL-DOC99122,False
https://www.example.com/DOC99123,https://www.example.com/us-en/NEW-URL-DOC99123,False
https://www.example.com/DOC99124,https://www.example.com/us-en/NEW-URL-DOC99124,False
https://www.example.com/DOC99125,https://www.example.com/us-en/NEW-URL-DOC99125,False
https://www.example.com/DOC99126,https://www.example.com/us-en/NEW-URL-DOC99126,False
https://www.example.com/DOC99127,https://www.example.com/us-en/NEW-URL-DOC99127,False
https://www.example.com/DOC99128,https://www.example.com/us-en/NEW-URL-DOC99128,False
https://www.example.com/DOC99129,https://www.example.com/us-en/NEW-URL-DOC99129,False
https://www.example.com/DOC99130,https://www.example.com/us-en/NEW-URL-DOC99130,False
https://www.example.com/DOC99131,https://www.example.com/us-en/NEW-URL-DOC99131,False
https://www.example.com/DOC99132,https://www.example.com/us-en/NEW-URL-DOC99132,False
https://www.example.com/DOC99133,https://www.example.com/us-en/NEW-URL-DOC99133,False
https://www.example.com/DOC99134,https://www.example.com/us-en/NEW-URL-DOC99134,False
https://www.example.com/DOC99135,https://www.example.com/us-en/NEW-URL-DOC99135,False
https://www.example.com/DOC99136,https://www.example.com/us-en/NEW-URL-DOC99136,False
https://www.example.com/DOC99137,https://www.example.com/us-en/NEW-URL-DOC99137,False
https://www.example.com/DOC99138,https://www.example.com/us-en/NEW-URL-DOC99138,False
https://www.example.com/DOC99139,https://www.example.com/us-en/NEW-URL-DOC99139,False
https://www.example.com/DOC99140,https://www.example.com/us-en/NEW-URL-DOC99140,False
https://www.example.com/DOC99141,https://www.example.com/us-en/NEW-URL-DOC99141,False
https://www.example.com/DOC99142,https://www.example.com/us-en/NEW-URL-DOC99142,False
https://www.example.com/DOC99143,https://www.example.com/us-en/NEW-URL-DOC99143,False
https://www.example.com/DOC99144,https://www.example.com/us-en/NEW-URL-DOC99144,False
https://www.example.com/DOC99145,https://www.example.com/us-en/NEW-URL-DOC99145,False
https://www.example.com/DOC99146,https://www.example.com/us-en/NEW-URL-DOC99146,False
https://www.example.com/DOC99147,https://www.example.com/us-en/NEW-URL-DOC99147,False
https://www.example.com/DOC99148,https://www.example.com/us-en/NEW-URL-DOC99148,False
https://www.example.com/DOC99149,https://www.example.com/us-en/NEW-URL-DOC99149,False
https://www.example.com/DOC99150,https://www.example.com/us-en/NEW-URL-DOC99150,False
https://www.example.com/DOC99151,https://www.example.com/us-en/NEW-URL-DOC99151,False
https://www.example.com/DOC99152,https://www.example.com/us-en/NEW-URL-DOC99152,False
https://www.example.com/DOC99153,https://www.example.com/us-en/NEW-URL-DOC99153,False
https://www.example.com/DOC99154,https://www.example.com/us-en/NEW-URL-DOC99154,False
https://www.example.com/DOC99155,https://www.example.com/us-en/NEW-URL-DOC99155,False
https://www.example.com/DOC99156,https://www.example.com/us-en/NEW-URL-DOC99156,False
https://www.example.com/DOC99157,https://www.example.com/us-en/NEW-URL-DOC99157,False
https://www.example.com/DOC99158,https://www.example.com/us-en/NEW-URL-DOC99158,False
https://www.example.com/DOC99159,https://www.example.com/us-en/NEW-URL-DOC99159,False
https://www.example.com/DOC99160,https://www.example.com/us-en/NEW-URL-DOC99160,False
https://www.example.com/DOC99161,https://www.example.com/us-en/NEW-URL-DOC99161,False
https://www.example.com/DOC99162,https://www.example.com/us-en/NEW-URL-DOC99162,False
https://www.example.com/DOC99163,https://www.example.com/us-en/NEW-URL-DOC99163,False
https://www.example.com/DOC99164,https://www.example.com/us-en/NEW-URL-DOC99164,False
https://www.example.com/DOC99165,https://www.example.com/us-en/NEW-URL-DOC99165,False
https://www.example.com/DOC99166,https://www.example.com/us-en/NEW-URL-DOC99166,False
https://www.example.com/DOC99167,https://www.example.com/us-en/NEW-URL-DOC99167,False
https://www.example.com/DOC99168,https://www.example.com/us-en/NEW-URL-DOC99168,False
https://www.example.com/DOC99169,https://www.example.com/us-en/NEW-URL-DOC99169,False
https://www.example.com/DOC99170,https://www.example.com/us-en/NEW-URL-DOC99170,False
https://www.example.com/DOC99171,https://www.example.com/us-en/NEW-URL-DOC99171,False
https://www.example.com/DOC99172,https://www.example.com/us-en/NEW-URL-DOC99172,False
https://www.example.com/DOC99173,https://www.example.com/us-en/NEW-URL-DOC99173,False
https://www.example.com/DOC99174,https://www.example.com/us-en/NEW-URL-DOC99174,False
https://www.example.com/DOC99175,https://www.example.com/us-en/NEW-URL-DOC99175,False
https://www.example.com/DOC99176,https://www.example.com/us-en/NEW-URL-DOC99176,False
https://www.example.com/DOC99177,https://www.example.com/us-en/NEW-URL-DOC99177,False
https://www.example.com/DOC99178,https://www.example.com/us-en/NEW-URL-DOC99178,False
https://www.example.com/DOC99179,https://www.example.com/us-en/NEW-URL-DOC99179,False
https://www.example.com/DOC99180,https://www.example.com/us-en/NEW-URL-DOC99180,False
https://www.example.com/DOC99181,https://www.example.com/us-en/NEW-URL-DOC99181,False
https://www.example.com/DOC99182,https://www.example.com/us-en/NEW-URL-DOC99182,False
https://www.example.com/DOC99183,https://www.example.com/us-en/NEW-URL-DOC99183,False
https://www.example.com/DOC99184,https://www.example.com/us-en/NEW-URL-DOC99184,False
https://www.example.com/DOC99185,https://www.example.com/us-en/NEW-URL-DOC99185,False
https://www.example.com/DOC99186,https://www.example.com/us-en/NEW-URL-DOC99186,False
https://www.example.com/DOC99187,https://www.example.com/us-en/NEW-URL-DOC99187,False
https://www.example.com/DOC99188,https://www.example.com/us-en/NEW-URL-DOC99188,False
https://www.example.com/DOC99189,https://www.example.com/us-en/NEW-URL-DOC99189,False
https://www.example.com/DOC99190,https://www.example.com/us-en/NEW-URL-DOC99190,False
https://www.example.com/DOC99191,https://www.example.com/us-en/NEW-URL-DOC99191,False
https://www.example.com/DOC99192,https://www.example.com/us-en/NEW-URL-DOC99192,False
https://www.example.com/DOC99193,https://www.example.com/us-en/NEW-URL-DOC99193,False
https://www.example.com/DOC99194,https://www.example.com/us-en/NEW-URL-DOC99194,False
https://www.example.com/DOC99195,https://www.example.com/us-en/NEW-URL-DOC99195,False
https://www.example.com/DOC99196,https://www.example.com/us-en/NEW-URL-DOC99196,False
https://www.example.com/DOC99197,https://www.example.com/us-en/NEW-URL-DOC99197,False
https://www.example.com/DOC99198,https://www.example.com/us-en/NEW-URL-DOC99198,False
https://www.example.com/DOC99199,https://www.example.com/us-en/NEW-URL-DOC99199,False
https://www.example.com/DOC99200,https://www.example.com/us-en/NEW-URL-DOC99200,False
https://www.example.com/DOC99201,https://www.example.com/us-en/NEW-URL-DOC99201,False
https://www.example.com/DOC99202,https://www.example.com/us-en/NEW-URL-DOC99202,False
https://www.example.com/DOC99203,https://www.example.com/us-en/NEW-URL-DOC99203,False
https://www.example.com/DOC99204,https://www.example.com/us-en/NEW-URL-DOC99204,False
https://www.example.com/DOC99205,https://www.example.com/us-en/NEW-URL-DOC99205,False
https://www.example.com/DOC99206,https://www.example.com/us-en/NEW-URL-DOC99206,False
https://www.example.com/DOC99207,https://www.example.com/us-en/NEW-URL-DOC99207,False
https://www.example.com/DOC99208,https://www.example.com/us-en/NEW-URL-DOC99208,False
https://www.example.com/DOC99209,https://www.example.com/us-en/NEW-URL-DOC99209,False
https://www.example.com/DOC99210,https://www.example.com/us-en/NEW-URL-DOC99210,False
https://www.example.com/DOC99211,https://www.example.com/us-en/NEW-URL-DOC99211,False
https://www.example.com/DOC99212,https://www.example.com/us-en/NEW-URL-DOC99212,False
https://www.example.com/DOC99213,https://www.example.com/us-en/NEW-URL-DOC99213,False
https://www.example.com/DOC99214,https://www.example.com/us-en/NEW-URL-DOC99214,False
https://www.example.com/DOC99215,https://www.example.com/us-en/NEW-URL-DOC99215,False
https://www.example.com/DOC99216,https://www.example.com/us-en/NEW-URL-DOC99216,False
https://www.example.com/DOC99217,https://www.example.com/us-en/NEW-URL-DOC99217,False
https://www.example.com/DOC99218,https://www.example.com/us-en/NEW-URL-DOC99218,False
https://www.example.com/DOC99219,https://www.example.com/us-en/NEW-URL-DOC99219,False
https://www.example.com/DOC99220,https://www.example.com/us-en/NEW-URL-DOC99220,False
https://www.example.com/DOC99221,https://www.example.com/us-en/NEW-URL-DOC99221,False
https://www.example.com/DOC99222,https://www.example.com/us-en/NEW-URL-DOC99222,False
https://www.example.com/DOC99223,https://www.example.com/us-en/NEW-URL-DOC99223,False
https://www.example.com/DOC99224,https://www.example.com/us-en/NEW-URL-DOC99224,False
https://www.example.com/DOC99225,https://www.example.com/us-en/NEW-URL-DOC99225,False
https://www.example.com/DOC99226,https://www.example.com/us-en/NEW-URL-DOC99226,False
https://www.example.com/DOC99227,https://www.example.com/us-en/NEW-URL-DOC99227,False
https://www.example.com/DOC99228,https://www.example.com/us-en/NEW-URL-DOC99228,False
https://www.example.com/DOC99229,https://www.example.com/us-en/NEW-URL-DOC99229,False
https://www.example.com/DOC99230,https://www.example.com/us-en/NEW-URL-DOC99230,False
https://www.example.com/DOC99231,https://www.example.com/us-en/NEW-URL-DOC99231,False
https://www.example.com/DOC99232,https://www.example.com/us-en/NEW-URL-DOC99232,False
https://www.example.com/DOC99233,https://www.example.com/us-en/NEW-URL-DOC99233,False
https://www.example.com/DOC99234,https://www.example.com/us-en/NEW-URL-DOC99234,False
https://www.example.com/DOC99235,https://www.example.com/us-en/NEW-URL-DOC99235,False
https://www.example.com/DOC99236,https://www.example.com/us-en/NEW-URL-DOC99236,False
https://www.example.com/DOC99237,https://www.example.com/us-en/NEW-URL-DOC99237,False
https://www.example.com/DOC99238,https://www.example.com/us-en/NEW-URL-DOC99238,False
https://www.example.com/DOC99239,https://www.example.com/us-en/NEW-URL-DOC99239,False
https://www.example.com/DOC99240,https://www.example.com/us-en/NEW-URL-DOC99240,False
https://www.example.com/DOC99241,https://www.example.com/us-en/NEW-URL-DOC99241,False
https://www.example.com/DOC99242,https://www.example.com/us-en/NEW-URL-DOC99242,False
https://www.example.com/DOC99243,https://www.example.com/us-en/NEW-URL-DOC99243,False
https://www.example.com/DOC99244,https://www.example.com/us-en/NEW-URL-DOC99244,False
https://www.example.com/DOC99245,https://www.example.com/us-en/NEW-URL-DOC99245,False
https://www.example.com/DOC99246,https://www.example.com/us-en/NEW-URL-DOC99246,False
https://www.example.com/DOC99247,https://www.example.com/us-en/NEW-URL-DOC99247,False
https://www.example.com/DOC99248,https://www.example.com/us-en/NEW-URL-DOC99248,False
https://www.example.com/DOC99249,https://www.example.com/us-en/NEW-URL-DOC99249,False
https://www.example.com/DOC99250,https://www.example.com/us-en/NEW-URL-DOC99250,False
https://www.example.com/DOC99251,https://www.example.com/us-en/NEW-URL-DOC99251,False
https://www.example.com/DOC99252,https://www.example.com/us-en/NEW-URL-DOC99252,False
https://www.example.com/DOC99253,https://www.example.com/us-en/NEW-URL-DOC99253,False
https://www.example.com/DOC99254,https://www.example.com/us-en/NEW-URL-DOC99254,False
https://www.example.com/DOC99255,https://www.example.com/us-en/NEW-URL-DOC99255,False
https://www.example.com/DOC99256,https://www.example.com/us-en/NEW-URL-DOC99256,False
https://www.example.com/DOC99257,https://www.example.com/us-en/NEW-URL-DOC99257,False
https://www.example.com/DOC99258,https://www.example.com/us-en/NEW-URL-DOC99258,False
https://www.example.com/DOC99259,https://www.example.com/us-en/NEW-URL-DOC99259,False
https://www.example.com/DOC99260,https://www.example.com/us-en/NEW-URL-DOC99260,False
https://www.example.com/DOC99261,https://www.example.com/us-en/NEW-URL-DOC99261,False
https://www.example.com/DOC99262,https://www.example.com/us-en/NEW-URL-DOC99262,False
https://www.example.com/DOC99263,https://www.example.com/us-en/NEW-URL-DOC99263,False
https://www.example.com/DOC99264,https://www.example.com/us-en/NEW-URL-DOC99264,False
https://www.example.com/DOC99265,https://www.example.com/us-en/NEW-URL-DOC99265,False
https://www.example.com/DOC99266,https://www.example.com/us-en/NEW-URL-DOC99266,False
https://www.example.com/DOC99267,https://www.example.com/us-en/NEW-URL-DOC99267,False
https://www.example.com/DOC99268,https://www.example.com/us-en/NEW-URL-DOC99268,False
https://www.example.com/DOC99269,https://www.example.com/us-en/NEW-URL-DOC99269,False
https://www.example.com/DOC99270,https://www.example.com/us-en/NEW-URL-DOC99270,False
https://www.example.com/DOC99271,https://www.example.com/us-en/NEW-URL-DOC99271,False
https://www.example.com/DOC99272,https://www.example.com/us-en/NEW-URL-DOC99272,False
https://www.example.com/DOC99273,https://www.example.com/us-en/NEW-URL-DOC99273,False
https://www.example.com/DOC99274,https://www.example.com/us-en/NEW-URL-DOC99274,False
https://www.example.com/DOC99275,https://www.example.com/us-en/NEW-URL-DOC99275,False
https://www.example.com/DOC99276,https://www.example.com/us-en/NEW-URL-DOC99276,False
https://www.example.com/DOC99277,https://www.example.com/us-en/NEW-URL-DOC99277,False
https://www.example.com/DOC99278,https://www.example.com/us-en/NEW-URL-DOC99278,False
https://www.example.com/DOC99279,https://www.example.com/us-en/NEW-URL-DOC99279,False
https://www.example.com/DOC99280,https://www.example.com/us-en/NEW-URL-DOC99280,False
https://www.example.com/DOC99281,https://www.example.com/us-en/NEW-URL-DOC99281,False
https://www.example.com/DOC99282,https://www.example.com/us-en/NEW-URL-DOC99282,False
https://www.example.com/DOC99283,https://www.example.com/us-en/NEW-URL-DOC99283,False
https://www.example.com/DOC99284,https://www.example.com/us-en/NEW-URL-DOC99284,False
https://www.example.com/DOC99285,https://www.example.com/us-en/NEW-URL-DOC99285,False
https://www.example.com/DOC99286,https://www.example.com/us-en/NEW-URL-DOC99286,False
https://www.example.com/DOC99287,https://www.example.com/us-en/NEW-URL-DOC99287,False
https://www.example.com/DOC99288,https://www.example.com/us-en/NEW-URL-DOC99288,False
https://www.example.com/DOC99289,https://www.example.com/us-en/NEW-URL-DOC99289,False
https://www.example.com/DOC99290,https://www.example.com/us-en/NEW-URL-DOC99290,False
https://www.example.com/DOC99291,https://www.example.com/us-en/NEW-URL-DOC99291,False
https://www.example.com/DOC99292,https://www.example.com/us-en/NEW-URL-DOC99292,False
https://www.example.com/DOC99293,https://www.example.com/us-en/NEW-URL-DOC99293,False
https://www.example.com/DOC99294,https://www.example.com/us-en/NEW-URL-DOC99294,False
https://www.example.com/DOC99295,https://www.example.com/us-en/NEW-URL-DOC99295,False
https://www.example.com/DOC99296,https://www.example.com/us-en/NEW-URL-DOC99296,False
https://www.example.com/DOC99297,https://www.example.com/us-en/NEW-URL-DOC99297,False
https://www.example.com/DOC99298,https://www.example.com/us-en/NEW-URL-DOC99298,False
https://www.example.com/DOC99299,https://www.example.com/us-en/NEW-URL-DOC99299,False
https://www.example.com/DOC99300,https://www.example.com/us-en/NEW-URL-DOC99300,False
https://www.example.com/DOC99301,https://www.example.com/us-en/NEW-URL-DOC99301,False
https://www.example.com/DOC99302,https://www.example.com/us-en/NEW-URL-DOC99302,False
https://www.example.com/DOC99303,https://www.example.com/us-en/NEW-URL-DOC99303,False
https://www.example.com/DOC99304,https://www.example.com/us-en/NEW-URL-DOC99304,False
https://www.example.com/DOC99305,https://www.example.com/us-en/NEW-URL-DOC99305,False
https://www.example.com/DOC99306,https://www.example.com/us-en/NEW-URL-DOC99306,False
https://www.example.com/DOC99307,https://www.example.com/us-en/NEW-URL-DOC99307,False
https://www.example.com/DOC99308,https://www.example.com/us-en/NEW-URL-DOC99308,False
https://www.example.com/DOC99309,https://www.example.com/us-en/NEW-URL-DOC99309,False
https://www.example.com/DOC99310,https://www.example.com/us-en/NEW-URL-DOC99310,False
https://www.example.com/DOC99311,https://www.example.com/us-en/NEW-URL-DOC99311,False
https://www.example.com/DOC99312,https://www.example.com/us-en/NEW-URL-DOC99312,False
https://www.example.com/DOC99313,https://www.example.com/us-en/NEW-URL-DOC99313,False
https://www.example.com/DOC99314,https://www.example.com/us-en/NEW-URL-DOC99314,False
https://www.example.com/DOC99315,https://www.example.com/us-en/NEW-URL-DOC99315,False
https://www.example.com/DOC99316,https://www.example.com/us-en/NEW-URL-DOC99316,False
https://www.example.com/DOC99317,https://www.example.com/us-en/NEW-URL-DOC99317,False
https://www.example.com/DOC99318,https://www.example.com/us-en/NEW-URL-DOC99318,False
https://www.example.com/DOC99319,https://www.example.com/us-en/NEW-URL-DOC99319,False
https://www.example.com/DOC99320,https://www.example.com/us-en/NEW-URL-DOC99320,False
https://www.example.com/DOC99321,https://www.example.com/us-en/NEW-URL-DOC99321,False
https://www.example.com/DOC99322,https://www.example.com/us-en/NEW-URL-DOC99322,False
https://www.example.com/DOC99323,https://www.example.com/us-en/NEW-URL-DOC99323,False
https://www.example.com/DOC99324,https://www.example.com/us-en/NEW-URL-DOC99324,False
https://www.example.com/DOC99325,https://www.example.com/us-en/NEW-URL-DOC99325,False
https://www.example.com/DOC99326,https://www.example.com/us-en/NEW-URL-DOC99326,False
https://www.example.com/DOC99327,https://www.example.com/us-en/NEW-URL-DOC99327,False
https://www.example.com/DOC99328,https://www.example.com/us-en/NEW-URL-DOC99328,False
https://www.example.com/DOC99329,https://www.example.com/us-en/NEW-URL-DOC99329,False
https://www.example.com/DOC99330,https://www.example.com/us-en/NEW-URL-DOC99330,False
https://www.example.com/DOC99331,https://www.example.com/us-en/NEW-URL-DOC99331,False
https://www.example.com/DOC99332,https://www.example.com/us-en/NEW-URL-DOC99332,False
https://www.example.com/DOC99333,https://www.example.com/us-en/NEW-URL-DOC99333,False
https://www.example.com/DOC99334,https://www.example.com/us-en/NEW-URL-DOC99334,False
https://www.example.com/DOC99335,https://www.example.com/us-en/NEW-URL-DOC99335,False
https://www.example.com/DOC99336,https://www.example.com/us-en/NEW-URL-DOC99336,False
https://www.example.com/DOC99337,https://www.example.com/us-en/NEW-URL-DOC99337,False
https://www.example.com/DOC99338,https://www.example.com/us-en/NEW-URL-DOC99338,False
https://www.example.com/DOC99339,https://www.example.com/us-en/NEW-URL-DOC99339,False
https://www.example.com/DOC99340,https://www.example.com/us-en/NEW-URL-DOC99340,False
https://www.example.com/DOC99341,https://www.example.com/us-en/NEW-URL-DOC99341,False
https://www.example.com/DOC99342,https://www.example.com/us-en/NEW-URL-DOC99342,False
https://www.example.com/DOC99343,https://www.example.com/us-en/NEW-URL-DOC99343,False
https://www.example.com/DOC99344,https://www.example.com/us-en/NEW-URL-DOC99344,False
https://www.example.com/DOC99345,https://www.example.com/us-en/NEW-URL-DOC99345,False
https://www.example.com/DOC99346,https://www.example.com/us-en/NEW-URL-DOC99346,False
https://www.example.com/DOC99347,https://www.example.com/us-en/NEW-URL-DOC99347,False
https://www.example.com/DOC99348,https://www.example.com/us-en/NEW-URL-DOC99348,False
https://www.example.com/DOC99349,https://www.example.com/us-en/NEW-URL-DOC99349,False
https://www.example.com/DOC99350,https://www.example.com/us-en/NEW-URL-DOC99350,False
https://www.example.com/DOC99351,https://www.example.com/us-en/NEW-URL-DOC99351,False
https://www.example.com/DOC99352,https://www.example.com/us-en/NEW-URL-DOC99352,False
https://www.example.com/DOC99353,https://www.example.com/us-en/NEW-URL-DOC99353,False
https://www.example.com/DOC99354,https://www.example.com/us-en/NEW-URL-DOC99354,False
https://www.example.com/DOC99355,https://www.example.com/us-en/NEW-URL-DOC99355,False
https://www.example.com/DOC99356,https://www.example.com/us-en/NEW-URL-DOC99356,False
https://www.example.com/DOC99357,https://www.example.com/us-en/NEW-URL-DOC99357,False
https://www.example.com/DOC99358,https://www.example.com/us-en/NEW-URL-DOC99358,False
https://www.example.com/DOC99359,https://www.example.com/us-en/NEW-URL-DOC99359,False
https://www.example.com/DOC99360,https://www.example.com/us-en/NEW-URL-DOC99360,False
https://www.example.com/DOC99361,https://www.example.com/us-en/NEW-URL-DOC99361,False
https://www.example.com/DOC99362,https://www.example.com/us-en/NEW-URL-DOC99362,False
https://www.example.com/DOC99363,https://www.example.com/us-en/NEW-URL-DOC99363,False
https://www.example.com/DOC99364,https://www.example.com/us-en/NEW-URL-DOC99364,False
https://www.example.com/DOC99365,https://www.example.com/us-en/NEW-URL-DOC99365,False
https://www.example.com/DOC99366,https://www.example.com/us-en/NEW-URL-DOC99366,False
https://www.example.com/DOC99367,https://www.example.com/us-en/NEW-URL-DOC99367,False
https://www.example.com/DOC99368,https://www.example.com/us-en/NEW-URL-DOC99368,False
https://www.example.com/DOC99369,https://www.example.com/us-en/NEW-URL-DOC99369,False
https://www.example.com/DOC99370,https://www.example.com/us-en/NEW-URL-DOC99370,False
https://www.example.com/DOC99371,https://www.example.com/us-en/NEW-URL-DOC99371,False
https://www.example.com/DOC99372,https://www.example.com/us-en/NEW-URL-DOC99372,False
https://www.example.com/DOC99373,https://www.example.com/us-en/NEW-URL-DOC99373,False
https://www.example.com/DOC99374,https://www.example.com/us-en/NEW-URL-DOC99374,False
https://www.example.com/DOC99375,https://www.example.com/us-en/NEW-URL-DOC99375,False
https://www.example.com/DOC99376,https://www.example.com/us-en/NEW-URL-DOC99376,False
https://www.example.com/DOC99377,https://www.example.com/us-en/NEW-URL-DOC99377,False
https://www.example.com/DOC99378,https://www.example.com/us-en/NEW-URL-DOC99378,False
https://www.example.com/DOC99379,https://www.example.com/us-en/NEW-URL-DOC99379,False
https://www.example.com/DOC99380,https://www.example.com/us-en/NEW-URL-DOC99380,False
https://www.example.com/DOC99381,https://www.example.com/us-en/NEW-URL-DOC99381,False
https://www.example.com/DOC99382,https://www.example.com/us-en/NEW-URL-DOC99382,False
https://www.example.com/DOC99383,https://www.example.com/us-en/NEW-URL-DOC99383,False
https://www.example.com/DOC99384,https://www.example.com/us-en/NEW-URL-DOC99384,False
https://www.example.com/DOC99385,https://www.example.com/us-en/NEW-URL-DOC99385,False
https://www.example.com/DOC99386,https://www.example.com/us-en/NEW-URL-DOC99386,False
https://www.example.com/DOC99387,https://www.example.com/us-en/NEW-URL-DOC99387,False
https://www.example.com/DOC99388,https://www.example.com/us-en/NEW-URL-DOC99388,False
https://www.example.com/DOC99389,https://www.example.com/us-en/NEW-URL-DOC99389,False
https://www.example.com/DOC99390,https://www.example.com/us-en/NEW-URL-DOC99390,False
https://www.example.com/DOC99391,https://www.example.com/us-en/NEW-URL-DOC99391,False
https://www.example.com/DOC99392,https://www.example.com/us-en/NEW-URL-DOC99392,False
https://www.example.com/DOC99393,https://www.example.com/us-en/NEW-URL-DOC99393,False
https://www.example.com/DOC99394,https://www.example.com/us-en/NEW-URL-DOC99394,False
https://www.example.com/DOC99395,https://www.example.com/us-en/NEW-URL-DOC99395,False
https://www.example.com/DOC99396,https://www.example.com/us-en/NEW-URL-DOC99396,False
https://www.example.com/DOC99397,https://www.example.com/us-en/NEW-URL-DOC99397,False
https://www.example.com/DOC99398,https://www.example.com/us-en/NEW-URL-DOC99398,False
https://www.example.com/DOC99399,https://www.example.com/us-en/NEW-URL-DOC99399,False
https://www.example.com/DOC99400,https://www.example.com/us-en/NEW-URL-DOC99400,False
https://www.example.com/DOC99401,https://www.example.com/us-en/NEW-URL-DOC99401,False
https://www.example.com/DOC99402,https://www.example.com/us-en/NEW-URL-DOC99402,False
https://www.example.com/DOC99403,https://www.example.com/us-en/NEW-URL-DOC99403,False
https://www.example.com/DOC99404,https://www.example.com/us-en/NEW-URL-DOC99404,False
https://www.example.com/DOC99405,https://www.example.com/us-en/NEW-URL-DOC99405,False
https://www.example.com/DOC99406,https://www.example.com/us-en/NEW-URL-DOC99406,False
https://www.example.com/DOC99407,https://www.example.com/us-en/NEW-URL-DOC99407,False
https://www.example.com/DOC99408,https://www.example.com/us-en/NEW-URL-DOC99408,False
https://www.example.com/DOC99409,https://www.example.com/us-en/NEW-URL-DOC99409,False
https://www.example.com/DOC99410,https://www.example.com/us-en/NEW-URL-DOC99410,False
https://www.example.com/DOC99411,https://www.example.com/us-en/NEW-URL-DOC99411,False
https://www.example.com/DOC99412,https://www.example.com/us-en/NEW-URL-DOC99412,False
https://www.example.com/DOC99413,https://www.example.com/us-en/NEW-URL-DOC99413,False
https://www.example.com/DOC99414,https://www.example.com/us-en/NEW-URL-DOC99414,False
https://www.example.com/DOC99415,https://www.example.com/us-en/NEW-URL-DOC99415,False
https://www.example.com/DOC99416,https://www.example.com/us-en/NEW-URL-DOC99416,False
https://www.example.com/DOC99417,https://www.example.com/us-en/NEW-URL-DOC99417,False
https://www.example.com/DOC99418,https://www.example.com/us-en/NEW-URL-DOC99418,False
https://www.example.com/DOC99419,https://www.example.com/us-en/NEW-URL-DOC99419,False
https://www.example.com/DOC99420,https://www.example.com/us-en/NEW-URL-DOC99420,False
https://www.example.com/DOC99421,https://www.example.com/us-en/NEW-URL-DOC99421,False
https://www.example.com/DOC99422,https://www.example.com/us-en/NEW-URL-DOC99422,False
https://www.example.com/DOC99423,https://www.example.com/us-en/NEW-URL-DOC99423,False
https://www.example.com/DOC99424,https://www.example.com/us-en/NEW-URL-DOC99424,False
https://www.example.com/DOC99425,https://www.example.com/us-en/NEW-URL-DOC99425,False
https://www.example.com/DOC99426,https://www.example.com/us-en/NEW-URL-DOC99426,False
https://www.example.com/DOC99427,https://www.example.com/us-en/NEW-URL-DOC99427,False
https://www.example.com/DOC99428,https://www.example.com/us-en/NEW-URL-DOC99428,False
https://www.example.com/DOC99429,https://www.example.com/us-en/NEW-URL-DOC99429,False
https://www.example.com/DOC99430,https://www.example.com/us-en/NEW-URL-DOC99430,False
https://www.example.com/DOC99431,https://www.example.com/us-en/NEW-URL-DOC99431,False
https://www.example.com/DOC99432,https://www.example.com/us-en/NEW-URL-DOC99432,False
https://www.example.com/DOC99433,https://www.example.com/us-en/NEW-URL-DOC99433,False
https://www.example.com/DOC99434,https://www.example.com/us-en/NEW-URL-DOC99434,False
https://www.example.com/DOC99435,https://www.example.com/us-en/NEW-URL-DOC99435,False
https://www.example.com/DOC99436,https://www.example.com/us-en/NEW-URL-DOC99436,False
https://www.example.com/DOC99437,https://www.example.com/us-en/NEW-URL-DOC99437,False
https://www.example.com/DOC99438,https://www.example.com/us-en/NEW-URL-DOC99438,False
https://www.example.com/DOC99439,https://www.example.com/us-en/NEW-URL-DOC99439,False
https://www.example.com/DOC99440,https://www.example.com/us-en/NEW-URL-DOC99440,False
https://www.example.com/DOC99441,https://www.example.com/us-en/NEW-URL-DOC99441,False
https://www.example.com/DOC99442,https://www.example.com/us-en/NEW-URL-DOC99442,False
https://www.example.com/DOC99443,https://www.example.com/us-en/NEW-URL-DOC99443,False
https://www.example.com/DOC99444,https://www.example.com/us-en/NEW-URL-DOC99444,False
https://www.example.com/DOC99445,https://www.example.com/us-en/NEW-URL-DOC99445,False
https://www.example.com/DOC99446,https://www.example.com/us-en/NEW-URL-DOC99446,False
https://www.example.com/DOC99447,https://www.example.com/us-en/NEW-URL-DOC99447,False
https://www.example.com/DOC99448,https://www.example.com/us-en/NEW-URL-DOC99448,False
https://www.example.com/DOC99449,https://www.example.com/us-en/NEW-URL-DOC99449,False
https://www.example.com/DOC99450,https://www.example.com/us-en/NEW-URL-DOC99450,False
https://www.example.com/DOC99451,https://www.example.com/us-en/NEW-URL-DOC99451,False
https://www.example.com/DOC99452,https://www.example.com/us-en/NEW-URL-DOC99452,False
https://www.example.com/DOC99453,https://www.example.com/us-en/NEW-URL-DOC99453,False
https://www.example.com/DOC99454,https://www.example.com/us-en/NEW-URL-DOC99454,False
https://www.example.com/DOC99455,https://www.example.com/us-en/NEW-URL-DOC99455,False
https://www.example.com/DOC99456,https://www.example.com/us-en/NEW-URL-DOC99456,False
https://www.example.com/DOC99457,https://www.example.com/us-en/NEW-URL-DOC99457,False
https://www.example.com/DOC99458,https://www.example.com/us-en/NEW-URL-DOC99458,False
https://www.example.com/DOC99459,https://www.example.com/us-en/NEW-URL-DOC99459,False
https://www.example.com/DOC99460,https://www.example.com/us-en/NEW-URL-DOC99460,False
https://www.example.com/DOC99461,https://www.example.com/us-en/NEW-URL-DOC99461,False
https://www.example.com/DOC99462,https://www.example.com/us-en/NEW-URL-DOC99462,False
https://www.example.com/DOC99463,https://www.example.com/us-en/NEW-URL-DOC99463,False
https://www.example.com/DOC99464,https://www.example.com/us-en/NEW-URL-DOC99464,False
https://www.example.com/DOC99465,https://www.example.com/us-en/NEW-URL-DOC99465,False
https://www.example.com/DOC99466,https://www.example.com/us-en/NEW-URL-DOC99466,False
https://www.example.com/DOC99467,https://www.example.com/us-en/NEW-URL-DOC99467,False
https://www.example.com/DOC99468,https://www.example.com/us-en/NEW-URL-DOC99468,False
https://www.example.com/DOC99469,https://www.example.com/us-en/NEW-URL-DOC99469,False
https://www.example.com/DOC99470,https://www.example.com/us-en/NEW-URL-DOC99470,False
https://www.example.com/DOC99471,https://www.example.com/us-en/NEW-URL-DOC99471,False
https://www.example.com/DOC99472,https://www.example.com/us-en/NEW-URL-DOC99472,False
https://www.example.com/DOC99473,https://www.example.com/us-en/NEW-URL-DOC99473,False
https://www.example.com/DOC99474,https://www.example.com/us-en/NEW-URL-DOC99474,False
https://www.example.com/DOC99475,https://www.example.com/us-en/NEW-URL-DOC99475,False
https://www.example.com/DOC99476,https://www.example.com/us-en/NEW-URL-DOC99476,False
https://www.example.com/DOC99477,https://www.example.com/us-en/NEW-URL-DOC99477,False
https://www.example.com/DOC99478,https://www.example.com/us-en/NEW-URL-DOC99478,False
https://www.example.com/DOC99479,https://www.example.com/us-en/NEW-URL-DOC99479,False
https://www.example.com/DOC99480,https://www.example.com/us-en/NEW-URL-DOC99480,False
https://www.example.com/DOC99481,https://www.example.com/us-en/NEW-URL-DOC99481,False
https://www.example.com/DOC99482,https://www.example.com/us-en/NEW-URL-DOC99482,False
https://www.example.com/DOC99483,https://www.example.com/us-en/NEW-URL-DOC99483,False
https://www.example.com/DOC99484,https://www.example.com/us-en/NEW-URL-DOC99484,False
https://www.example.com/DOC99485,https://www.example.com/us-en/NEW-URL-DOC99485,False
https://www.example.com/DOC99486,https://www.example.com/us-en/NEW-URL-DOC99486,False
https://www.example.com/DOC99487,https://www.example.com/us-en/NEW-URL-DOC99487,False
https://www.example.com/DOC99488,https://www.example.com/us-en/NEW-URL-DOC99488,False
https://www.example.com/DOC99489,https://www.example.com/us-en/NEW-URL-DOC99489,False
https://www.example.com/DOC99490,https://www.example.com/us-en/NEW-URL-DOC99490,False
https://www.example.com/DOC99491,https://www.example.com/us-en/NEW-URL-DOC99491,False
https://www.example.com/DOC99492,https://www.example.com/us-en/NEW-URL-DOC99492,False
https://www.example.com/DOC99493,https://www.example.com/us-en/NEW-URL-DOC99493,False
https://www.example.com/DOC99494,https://www.example.com/us-en/NEW-URL-DOC99494,False
https://www.example.com/DOC99495,https://www.example.com/us-en/NEW-URL-DOC99495,False
https://www.example.com/DOC99496,https://www.example.com/us-en/NEW-URL-DOC99496,False
https://www.example.com/DOC99497,https://www.example.com/us-en/NEW-URL-DOC99497,False
https://www.example.com/DOC99498,https://www.example.com/us-en/NEW-URL-DOC99498,False
https://www.example.com/DOC99499,https://www.example.com/us-en/NEW-URL-DOC99499,False
https://www.example.com/DOC99500,https://www.example.com/us-en/NEW-URL-DOC99500,False
https://www.example.com/DOC99501,https://www.example.com/us-en/NEW-URL-DOC99501,False
https://www.example.com/DOC99502,https://www.example.com/us-en/NEW-URL-DOC99502,False
https://www.example.com/DOC99503,https://www.example.com/us-en/NEW-URL-DOC99503,False
https://www.example.com/DOC99504,https://www.example.com/us-en/NEW-URL-DOC99504,False
https://www.example.com/DOC99505,https://www.example.com/us-en/NEW-URL-DOC99505,False
https://www.example.com/DOC99506,https://www.example.com/us-en/NEW-URL-DOC99506,False
https://www.example.com/DOC99507,https://www.example.com/us-en/NEW-URL-DOC99507,False
https://www.example.com/DOC99508,https://www.example.com/us-en/NEW-URL-DOC99508,False
https://www.example.com/DOC99509,https://www.example.com/us-en/NEW-URL-DOC99509,False
https://www.example.com/DOC99510,https://www.example.com/us-en/NEW-URL-DOC99510,False
https://www.example.com/DOC99511,https://www.example.com/us-en/NEW-URL-DOC99511,False
https://www.example.com/DOC99512,https://www.example.com/us-en/NEW-URL-DOC99512,False
https://www.example.com/DOC99513,https://www.example.com/us-en/NEW-URL-DOC99513,False
https://www.example.com/DOC99514,https://www.example.com/us-en/NEW-URL-DOC99514,False
https://www.example.com/DOC99515,https://www.example.com/us-en/NEW-URL-DOC99515,False
https://www.example.com/DOC99516,https://www.example.com/us-en/NEW-URL-DOC99516,False
https://www.example.com/DOC99517,https://www.example.com/us-en/NEW-URL-DOC99517,False
https://www.example.com/DOC99518,https://www.example.com/us-en/NEW-URL-DOC99518,False
https://www.example.com/DOC99519,https://www.example.com/us-en/NEW-URL-DOC99519,False
https://www.example.com/DOC99520,https://www.example.com/us-en/NEW-URL-DOC99520,False
https://www.example.com/DOC99521,https://www.example.com/us-en/NEW-URL-DOC99521,False
https://www.example.com/DOC99522,https://www.example.com/us-en/NEW-URL-DOC99522,False
https://www.example.com/DOC99523,https://www.example.com/us-en/NEW-URL-DOC99523,False
https://www.example.com/DOC99524,https://www.example.com/us-en/NEW-URL-DOC99524,False
https://www.example.com/DOC99525,https://www.example.com/us-en/NEW-URL-DOC99525,False
https://www.example.com/DOC99526,https://www.example.com/us-en/NEW-URL-DOC99526,False
https://www.example.com/DOC99527,https://www.example.com/us-en/NEW-URL-DOC99527,False
https://www.example.com/DOC99528,https://www.example.com/us-en/NEW-URL-DOC99528,False
https://www.example.com/DOC99529,https://www.example.com/us-en/NEW-URL-DOC99529,False
https://www.example.com/DOC99530,https://www.example.com/us-en/NEW-URL-DOC99530,False
https://www.example.com/DOC99531,https://www.example.com/us-en/NEW-URL-DOC99531,False
https://www.example.com/DOC99532,https://www.example.com/us-en/NEW-URL-DOC99532,False
https://www.example.com/DOC99533,https://www.example.com/us-en/NEW-URL-DOC99533,False
https://www.example.com/DOC99534,https://www.example.com/us-en/NEW-URL-DOC99534,False
https://www.example.com/DOC99535,https://www.example.com/us-en/NEW-URL-DOC99535,False
https://www.example.com/DOC99536,https://www.example.com/us-en/NEW-URL-DOC99536,False
https://www.example.com/DOC99537,https://www.example.com/us-en/NEW-URL-DOC99537,False
https://www.example.com/DOC99538,https://www.example.com/us-en/NEW-URL-DOC99538,False
https://www.example.com/DOC99539,https://www.example.com/us-en/NEW-URL-DOC99539,False
https://www.example.com/DOC99540,https://www.example.com/us-en/NEW-URL-DOC99540,False
https://www.example.com/DOC99541,https://www.example.com/us-en/NEW-URL-DOC99541,False
https://www.example.com/DOC99542,https://www.example.com/us-en/NEW-URL-DOC99542,False
https://www.example.com/DOC99543,https://www.example.com/us-en/NEW-URL-DOC99543,False
https://www.example.com/DOC99544,https://www.example.com/us-en/NEW-URL-DOC99544,False
https://www.example.com/DOC99545,https://www.example.com/us-en/NEW-URL-DOC99545,False
https://www.example.com/DOC99546,https://www.example.com/us-en/NEW-URL-DOC99546,False
https://www.example.com/DOC99547,https://www.example.com/us-en/NEW-URL-DOC99547,False
https://www.example.com/DOC99548,https://www.example.com/us-en/NEW-URL-DOC99548,False
https://www.example.com/DOC99549,https://www.example.com/us-en/NEW-URL-DOC99549,False
https://www.example.com/DOC99550,https://www.example.com/us-en/NEW-URL-DOC99550,False
https://www.example.com/DOC99551,https://www.example.com/us-en/NEW-URL-DOC99551,False
https://www.example.com/DOC99552,https://www.example.com/us-en/NEW-URL-DOC99552,False
https://www.example.com/DOC99553,https://www.example.com/us-en/NEW-URL-DOC99553,False
https://www.example.com/DOC99554,https://www.example.com/us-en/NEW-URL-DOC99554,False
https://www.example.com/DOC99555,https://www.example.com/us-en/NEW-URL-DOC99555,False
https://www.example.com/DOC99556,https://www.example.com/us-en/NEW-URL-DOC99556,False
https://www.example.com/DOC99557,https://www.example.com/us-en/NEW-URL-DOC99557,False
https://www.example.com/DOC99558,https://www.example.com/us-en/NEW-URL-DOC99558,False
https://www.example.com/DOC99559,https://www.example.com/us-en/NEW-URL-DOC99559,False
https://www.example.com/DOC99560,https://www.example.com/us-en/NEW-URL-DOC99560,False
https://www.example.com/DOC99561,https://www.example.com/us-en/NEW-URL-DOC99561,False
https://www.example.com/DOC99562,https://www.example.com/us-en/NEW-URL-DOC99562,False
https://www.example.com/DOC99563,https://www.example.com/us-en/NEW-URL-DOC99563,False
https://www.example.com/DOC99564,https://www.example.com/us-en/NEW-URL-DOC99564,False
https://www.example.com/DOC99565,https://www.example.com/us-en/NEW-URL-DOC99565,False
https://www.example.com/DOC99566,https://www.example.com/us-en/NEW-URL-DOC99566,False
https://www.example.com/DOC99567,https://www.example.com/us-en/NEW-URL-DOC99567,False
https://www.example.com/DOC99568,https://www.example.com/us-en/NEW-URL-DOC99568,False
https://www.example.com/DOC99569,https://www.example.com/us-en/NEW-URL-DOC99569,False
https://www.example.com/DOC99570,https://www.example.com/us-en/NEW-URL-DOC99570,False
https://www.example.com/DOC99571,https://www.example.com/us-en/NEW-URL-DOC99571,False
https://www.example.com/DOC99572,https://www.example.com/us-en/NEW-URL-DOC99572,False
https://www.example.com/DOC99573,https://www.example.com/us-en/NEW-URL-DOC99573,False
https://www.example.com/DOC99574,https://www.example.com/us-en/NEW-URL-DOC99574,False
https://www.example.com/DOC99575,https://www.example.com/us-en/NEW-URL-DOC99575,False
https://www.example.com/DOC99576,https://www.example.com/us-en/NEW-URL-DOC99576,False
https://www.example.com/DOC99577,https://www.example.com/us-en/NEW-URL-DOC99577,False
https://www.example.com/DOC99578,https://www.example.com/us-en/NEW-URL-DOC99578,False
https://www.example.com/DOC99579,https://www.example.com/us-en/NEW-URL-DOC99579,False
https://www.example.com/DOC99580,https://www.example.com/us-en/NEW-URL-DOC99580,False
https://www.example.com/DOC99581,https://www.example.com/us-en/NEW-URL-DOC99581,False
https://www.example.com/DOC99582,https://www.example.com/us-en/NEW-URL-DOC99582,False
https://www.example.com/DOC99583,https://www.example.com/us-en/NEW-URL-DOC99583,False
https://www.example.com/DOC99584,https://www.example.com/us-en/NEW-URL-DOC99584,False
https://www.example.com/DOC99585,https://www.example.com/us-en/NEW-URL-DOC99585,False
https://www.example.com/DOC99586,https://www.example.com/us-en/NEW-URL-DOC99586,False
https://www.example.com/DOC99587,https://www.example.com/us-en/NEW-URL-DOC99587,False
https://www.example.com/DOC99588,https://www.example.com/us-en/NEW-URL-DOC99588,False
https://www.example.com/DOC99589,https://www.example.com/us-en/NEW-URL-DOC99589,False
https://www.example.com/DOC99590,https://www.example.com/us-en/NEW-URL-DOC99590,False
https://www.example.com/DOC99591,https://www.example.com/us-en/NEW-URL-DOC99591,False
https://www.example.com/DOC99592,https://www.example.com/us-en/NEW-URL-DOC99592,False
https://www.example.com/DOC99593,https://www.example.com/us-en/NEW-URL-DOC99593,False
https://www.example.com/DOC99594,https://www.example.com/us-en/NEW-URL-DOC99594,False
https://www.example.com/DOC99595,https://www.example.com/us-en/NEW-URL-DOC99595,False
https://www.example.com/DOC99596,https://www.example.com/us-en/NEW-URL-DOC99596,False
https://www.example.com/DOC99597,https://www.example.com/us-en/NEW-URL-DOC99597,False
https://www.example.com/DOC99598,https://www.example.com/us-en/NEW-URL-DOC99598,False
https://www.example.com/DOC99599,https://www.example.com/us-en/NEW-URL-DOC99599,False
https://www.example.com/DOC99600,https://www.example.com/us-en/NEW-URL-DOC99600,False
https://www.example.com/DOC99601,https://www.example.com/us-en/NEW-URL-DOC99601,False
https://www.example.com/DOC99602,https://www.example.com/us-en/NEW-URL-DOC99602,False
https://www.example.com/DOC99603,https://www.example.com/us-en/NEW-URL-DOC99603,False
https://www.example.com/DOC99604,https://www.example.com/us-en/NEW-URL-DOC99604,False
https://www.example.com/DOC99605,https://www.example.com/us-en/NEW-URL-DOC99605,False
https://www.example.com/DOC99606,https://www.example.com/us-en/NEW-URL-DOC99606,False
https://www.example.com/DOC99607,https://www.example.com/us-en/NEW-URL-DOC99607,False
https://www.example.com/DOC99608,https://www.example.com/us-en/NEW-URL-DOC99608,False
https://www.example.com/DOC99609,https://www.example.com/us-en/NEW-URL-DOC99609,False
https://www.example.com/DOC99610,https://www.example.com/us-en/NEW-URL-DOC99610,False
https://www.example.com/DOC99611,https://www.example.com/us-en/NEW-URL-DOC99611,False
https://www.example.com/DOC99612,https://www.example.com/us-en/NEW-URL-DOC99612,False
https://www.example.com/DOC99613,https://www.example.com/us-en/NEW-URL-DOC99613,False
https://www.example.com/DOC99614,https://www.example.com/us-en/NEW-URL-DOC99614,False
https://www.example.com/DOC99615,https://www.example.com/us-en/NEW-URL-DOC99615,False
https://www.example.com/DOC99616,https://www.example.com/us-en/NEW-URL-DOC99616,False
https://www.example.com/DOC99617,https://www.example.com/us-en/NEW-URL-DOC99617,False
https://www.example.com/DOC99618,https://www.example.com/us-en/NEW-URL-DOC99618,False
https://www.example.com/DOC99619,https://www.example.com/us-en/NEW-URL-DOC99619,False
https://www.example.com/DOC99620,https://www.example.com/us-en/NEW-URL-DOC99620,False
https://www.example.com/DOC99621,https://www.example.com/us-en/NEW-URL-DOC99621,False
https://www.example.com/DOC99622,https://www.example.com/us-en/NEW-URL-DOC99622,False
https://www.example.com/DOC99623,https://www.example.com/us-en/NEW-URL-DOC99623,False
https://www.example.com/DOC99624,https://www.example.com/us-en/NEW-URL-DOC99624,False
https://www.example.com/DOC99625,https://www.example.com/us-en/NEW-URL-DOC99625,False
https://www.example.com/DOC99626,https://www.example.com/us-en/NEW-URL-DOC99626,False
https://www.example.com/DOC99627,https://www.example.com/us-en/NEW-URL-DOC99627,False
https://www.example.com/DOC99628,https://www.example.com/us-en/NEW-URL-DOC99628,False
https://www.example.com/DOC99629,https://www.example.com/us-en/NEW-URL-DOC99629,False
https://www.example.com/DOC99630,https://www.example.com/us-en/NEW-URL-DOC99630,False
https://www.example.com/DOC99631,https://www.example.com/us-en/NEW-URL-DOC99631,False
https://www.example.com/DOC99632,https://www.example.com/us-en/NEW-URL-DOC99632,False
https://www.example.com/DOC99633,https://www.example.com/us-en/NEW-URL-DOC99633,False
https://www.example.com/DOC99634,https://www.example.com/us-en/NEW-URL-DOC99634,False
https://www.example.com/DOC99635,https://www.example.com/us-en/NEW-URL-DOC99635,False
https://www.example.com/DOC99636,https://www.example.com/us-en/NEW-URL-DOC99636,False
https://www.example.com/DOC99637,https://www.example.com/us-en/NEW-URL-DOC99637,False
https://www.example.com/DOC99638,https://www.example.com/us-en/NEW-URL-DOC99638,False
https://www.example.com/DOC99639,https://www.example.com/us-en/NEW-URL-DOC99639,False
https://www.example.com/DOC99640,https://www.example.com/us-en/NEW-URL-DOC99640,False
https://www.example.com/DOC99641,https://www.example.com/us-en/NEW-URL-DOC99641,False
https://www.example.com/DOC99642,https://www.example.com/us-en/NEW-URL-DOC99642,False
https://www.example.com/DOC99643,https://www.example.com/us-en/NEW-URL-DOC99643,False
https://www.example.com/DOC99644,https://www.example.com/us-en/NEW-URL-DOC99644,False
https://www.example.com/DOC99645,https://www.example.com/us-en/NEW-URL-DOC99645,False
https://www.example.com/DOC99646,https://www.example.com/us-en/NEW-URL-DOC99646,False
https://www.example.com/DOC99647,https://www.example.com/us-en/NEW-URL-DOC99647,False
https://www.example.com/DOC99648,https://www.example.com/us-en/NEW-URL-DOC99648,False
https://www.example.com/DOC99649,https://www.example.com/us-en/NEW-URL-DOC99649,False
https://www.example.com/DOC99650,https://www.example.com/us-en/NEW-URL-DOC99650,False
https://www.example.com/DOC99651,https://www.example.com/us-en/NEW-URL-DOC99651,False
https://www.example.com/DOC99652,https://www.example.com/us-en/NEW-URL-DOC99652,False
https://www.example.com/DOC99653,https://www.example.com/us-en/NEW-URL-DOC99653,False
https://www.example.com/DOC99654,https://www.example.com/us-en/NEW-URL-DOC99654,False
https://www.example.com/DOC99655,https://www.example.com/us-en/NEW-URL-DOC99655,False
https://www.example.com/DOC99656,https://www.example.com/us-en/NEW-URL-DOC99656,False
https://www.example.com/DOC99657,https://www.example.com/us-en/NEW-URL-DOC99657,False
https://www.example.com/DOC99658,https://www.example.com/us-en/NEW-URL-DOC99658,False
https://www.example.com/DOC99659,https://www.example.com/us-en/NEW-URL-DOC99659,False
https://www.example.com/DOC99660,https://www.example.com/us-en/NEW-URL-DOC99660,False
https://www.example.com/DOC99661,https://www.example.com/us-en/NEW-URL-DOC99661,False
https://www.example.com/DOC99662,https://www.example.com/us-en/NEW-URL-DOC99662,False
https://www.example.com/DOC99663,https://www.example.com/us-en/NEW-URL-DOC99663,False
https://www.example.com/DOC99664,https://www.example.com/us-en/NEW-URL-DOC99664,False
https://www.example.com/DOC99665,https://www.example.com/us-en/NEW-URL-DOC99665,False
https://www.example.com/DOC99666,https://www.example.com/us-en/NEW-URL-DOC99666,False
https://www.example.com/DOC99667,https://www.example.com/us-en/NEW-URL-DOC99667,False
https://www.example.com/DOC99668,https://www.example.com/us-en/NEW-URL-DOC99668,False
https://www.example.com/DOC99669,https://www.example.com/us-en/NEW-URL-DOC99669,False
https://www.example.com/DOC99670,https://www.example.com/us-en/NEW-URL-DOC99670,False
https://www.example.com/DOC99671,https://www.example.com/us-en/NEW-URL-DOC99671,False
https://www.example.com/DOC99672,https://www.example.com/us-en/NEW-URL-DOC99672,False
https://www.example.com/DOC99673,https://www.example.com/us-en/NEW-URL-DOC99673,False
https://www.example.com/DOC99674,https://www.example.com/us-en/NEW-URL-DOC99674,False
https://www.example.com/DOC99675,https://www.example.com/us-en/NEW-URL-DOC99675,False
https://www.example.com/DOC99676,https://www.example.com/us-en/NEW-URL-DOC99676,False
https://www.example.com/DOC99677,https://www.example.com/us-en/NEW-URL-DOC99677,False
https://www.example.com/DOC99678,https://www.example.com/us-en/NEW-URL-DOC99678,False
https://www.example.com/DOC99679,https://www.example.com/us-en/NEW-URL-DOC99679,False
https://www.example.com/DOC99680,https://www.example.com/us-en/NEW-URL-DOC99680,False
https://www.example.com/DOC99681,https://www.example.com/us-en/NEW-URL-DOC99681,False
https://www.example.com/DOC99682,https://www.example.com/us-en/NEW-URL-DOC99682,False
https://www.example.com/DOC99683,https://www.example.com/us-en/NEW-URL-DOC99683,False
https://www.example.com/DOC99684,https://www.example.com/us-en/NEW-URL-DOC99684,False
https://www.example.com/DOC99685,https://www.example.com/us-en/NEW-URL-DOC99685,False
https://www.example.com/DOC99686,https://www.example.com/us-en/NEW-URL-DOC99686,False
https://www.example.com/DOC99687,https://www.example.com/us-en/NEW-URL-DOC99687,False
https://www.example.com/DOC99688,https://www.example.com/us-en/NEW-URL-DOC99688,False
https://www.example.com/DOC99689,https://www.example.com/us-en/NEW-URL-DOC99689,False
https://www.example.com/DOC99690,https://www.example.com/us-en/NEW-URL-DOC99690,False
https://www.example.com/DOC99691,https://www.example.com/us-en/NEW-URL-DOC99691,False
https://www.example.com/DOC99692,https://www.example.com/us-en/NEW-URL-DOC99692,False
https://www.example.com/DOC99693,https://www.example.com/us-en/NEW-URL-DOC99693,False
https://www.example.com/DOC99694,https://www.example.com/us-en/NEW-URL-DOC99694,False
https://www.example.com/DOC99695,https://www.example.com/us-en/NEW-URL-DOC99695,False
https://www.example.com/DOC99696,https://www.example.com/us-en/NEW-URL-DOC99696,False
https://www.example.com/DOC99697,https://www.example.com/us-en/NEW-URL-DOC99697,False
https://www.example.com/DOC99698,https://www.example.com/us-en/NEW-URL-DOC99698,False
https://www.example.com/DOC99699,https://www.example.com/us-en/NEW-URL-DOC99699,False
https://www.example.com/DOC99700,https://www.example.com/us-en/NEW-URL-DOC99700,False
https://www.example.com/DOC99701,https://www.example.com/us-en/NEW-URL-DOC99701,False
https://www.example.com/DOC99702,https://www.example.com/us-en/NEW-URL-DOC99702,False
https://www.example.com/DOC99703,https://www.example.com/us-en/NEW-URL-DOC99703,False
https://www.example.com/DOC99704,https://www.example.com/us-en/NEW-URL-DOC99704,False
https://www.example.com/DOC99705,https://www.example.com/us-en/NEW-URL-DOC99705,False
https://www.example.com/DOC99706,https://www.example.com/us-en/NEW-URL-DOC99706,False
https://www.example.com/DOC99707,https://www.example.com/us-en/NEW-URL-DOC99707,False
https://www.example.com/DOC99708,https://www.example.com/us-en/NEW-URL-DOC99708,False
https://www.example.com/DOC99709,https://www.example.com/us-en/NEW-URL-DOC99709,False
https://www.example.com/DOC99710,https://www.example.com/us-en/NEW-URL-DOC99710,False
https://www.example.com/DOC99711,https://www.example.com/us-en/NEW-URL-DOC99711,False
https://www.example.com/DOC99712,https://www.example.com/us-en/NEW-URL-DOC99712,False
https://www.example.com/DOC99713,https://www.example.com/us-en/NEW-URL-DOC99713,False
https://www.example.com/DOC99714,https://www.example.com/us-en/NEW-URL-DOC99714,False
https://www.example.com/DOC99715,https://www.example.com/us-en/NEW-URL-DOC99715,False
https://www.example.com/DOC99716,https://www.example.com/us-en/NEW-URL-DOC99716,False
https://www.example.com/DOC99717,https://www.example.com/us-en/NEW-URL-DOC99717,False
https://www.example.com/DOC99718,https://www.example.com/us-en/NEW-URL-DOC99718,False
https://www.example.com/DOC99719,https://www.example.com/us-en/NEW-URL-DOC99719,False
https://www.example.com/DOC99720,https://www.example.com/us-en/NEW-URL-DOC99720,False
https://www.example.com/DOC99721,https://www.example.com/us-en/NEW-URL-DOC99721,False
https://www.example.com/DOC99722,https://www.example.com/us-en/NEW-URL-DOC99722,False
https://www.example.com/DOC99723,https://www.example.com/us-en/NEW-URL-DOC99723,False
https://www.example.com/DOC99724,https://www.example.com/us-en/NEW-URL-DOC99724,False
https://www.example.com/DOC99725,https://www.example.com/us-en/NEW-URL-DOC99725,False
https://www.example.com/DOC99726,https://www.example.com/us-en/NEW-URL-DOC99726,False
https://www.example.com/DOC99727,https://www.example.com/us-en/NEW-URL-DOC99727,False
https://www.example.com/DOC99728,https://www.example.com/us-en/NEW-URL-DOC99728,False
https://www.example.com/DOC99729,https://www.example.com/us-en/NEW-URL-DOC99729,False
https://www.example.com/DOC99730,https://www.example.com/us-en/NEW-URL-DOC99730,False
https://www.example.com/DOC99731,https://www.example.com/us-en/NEW-URL-DOC99731,False
https://www.example.com/DOC99732,https://www.example.com/us-en/NEW-URL-DOC99732,False
https://www.example.com/DOC99733,https://www.example.com/us-en/NEW-URL-DOC99733,False
https://www.example.com/DOC99734,https://www.example.com/us-en/NEW-URL-DOC99734,False
https://www.example.com/DOC99735,https://www.example.com/us-en/NEW-URL-DOC99735,False
https://www.example.com/DOC99736,https://www.example.com/us-en/NEW-URL-DOC99736,False
https://www.example.com/DOC99737,https://www.example.com/us-en/NEW-URL-DOC99737,False
https://www.example.com/DOC99738,https://www.example.com/us-en/NEW-URL-DOC99738,False
https://www.example.com/DOC99739,https://www.example.com/us-en/NEW-URL-DOC99739,False
https://www.example.com/DOC99740,https://www.example.com/us-en/NEW-URL-DOC99740,False
https://www.example.com/DOC99741,https://www.example.com/us-en/NEW-URL-DOC99741,False
https://www.example.com/DOC99742,https://www.example.com/us-en/NEW-URL-DOC99742,False
https://www.example.com/DOC99743,https://www.example.com/us-en/NEW-URL-DOC99743,False
https://www.example.com/DOC99744,https://www.example.com/us-en/NEW-URL-DOC99744,False
https://www.example.com/DOC99745,https://www.example.com/us-en/NEW-URL-DOC99745,False
https://www.example.com/DOC99746,https://www.example.com/us-en/NEW-URL-DOC99746,False
https://www.example.com/DOC99747,https://www.example.com/us-en/NEW-URL-DOC99747,False
https://www.example.com/DOC99748,https://www.example.com/us-en/NEW-URL-DOC99748,False
https://www.example.com/DOC99749,https://www.example.com/us-en/NEW-URL-DOC99749,False
https://www.example.com/DOC99750,https://www.example.com/us-en/NEW-URL-DOC99750,False
https://www.example.com/DOC99751,https://www.example.com/us-en/NEW-URL-DOC99751,False
https://www.example.com/DOC99752,https://www.example.com/us-en/NEW-URL-DOC99752,False
https://www.example.com/DOC99753,https://www.example.com/us-en/NEW-URL-DOC99753,False
https://www.example.com/DOC99754,https://www.example.com/us-en/NEW-URL-DOC99754,False
https://www.example.com/DOC99755,https://www.example.com/us-en/NEW-URL-DOC99755,False
https://www.example.com/DOC99756,https://www.example.com/us-en/NEW-URL-DOC99756,False
https://www.example.com/DOC99757,https://www.example.com/us-en/NEW-URL-DOC99757,False
https://www.example.com/DOC99758,https://www.example.com/us-en/NEW-URL-DOC99758,False
https://www.example.com/DOC99759,https://www.example.com/us-en/NEW-URL-DOC99759,False
https://www.example.com/DOC99760,https://www.example.com/us-en/NEW-URL-DOC99760,False
https://www.example.com/DOC99761,https://www.example.com/us-en/NEW-URL-DOC99761,False
https://www.example.com/DOC99762,https://www.example.com/us-en/NEW-URL-DOC99762,False
https://www.example.com/DOC99763,https://www.example.com/us-en/NEW-URL-DOC99763,False
https://www.example.com/DOC99764,https://www.example.com/us-en/NEW-URL-DOC99764,False
https://www.example.com/DOC99765,https://www.example.com/us-en/NEW-URL-DOC99765,False
https://www.example.com/DOC99766,https://www.example.com/us-en/NEW-URL-DOC99766,False
https://www.example.com/DOC99767,https://www.example.com/us-en/NEW-URL-DOC99767,False
https://www.example.com/DOC99768,https://www.example.com/us-en/NEW-URL-DOC99768,False
https://www.example.com/DOC99769,https://www.example.com/us-en/NEW-URL-DOC99769,False
https://www.example.com/DOC99770,https://www.example.com/us-en/NEW-URL-DOC99770,False
https://www.example.com/DOC99771,https://www.example.com/us-en/NEW-URL-DOC99771,False
https://www.example.com/DOC99772,https://www.example.com/us-en/NEW-URL-DOC99772,False
https://www.example.com/DOC99773,https://www.example.com/us-en/NEW-URL-DOC99773,False
https://www.example.com/DOC99774,https://www.example.com/us-en/NEW-URL-DOC99774,False
https://www.example.com/DOC99775,https://www.example.com/us-en/NEW-URL-DOC99775,False
https://www.example.com/DOC99776,https://www.example.com/us-en/NEW-URL-DOC99776,False
https://www.example.com/DOC99777,https://www.example.com/us-en/NEW-URL-DOC99777,False
https://www.example.com/DOC99778,https://www.example.com/us-en/NEW-URL-DOC99778,False
https://www.example.com/DOC99779,https://www.example.com/us-en/NEW-URL-DOC99779,False
https://www.example.com/DOC99780,https://www.example.com/us-en/NEW-URL-DOC99780,False
https://www.example.com/DOC99781,https://www.example.com/us-en/NEW-URL-DOC99781,False
https://www.example.com/DOC99782,https://www.example.com/us-en/NEW-URL-DOC99782,False
https://www.example.com/DOC99783,https://www.example.com/us-en/NEW-URL-DOC99783,False
https://www.example.com/DOC99784,https://www.example.com/us-en/NEW-URL-DOC99784,False
https://www.example.com/DOC99785,https://www.example.com/us-en/NEW-URL-DOC99785,False
https://www.example.com/DOC99786,https://www.example.com/us-en/NEW-URL-DOC99786,False
https://www.example.com/DOC99787,https://www.example.com/us-en/NEW-URL-DOC99787,False
https://www.example.com/DOC99788,https://www.example.com/us-en/NEW-URL-DOC99788,False
https://www.example.com/DOC99789,https://www.example.com/us-en/NEW-URL-DOC99789,False
https://www.example.com/DOC99790,https://www.example.com/us-en/NEW-URL-DOC99790,False
https://www.example.com/DOC99791,https://www.example.com/us-en/NEW-URL-DOC99791,False
https://www.example.com/DOC99792,https://www.example.com/us-en/NEW-URL-DOC99792,False
https://www.example.com/DOC99793,https://www.example.com/us-en/NEW-URL-DOC99793,False
https://www.example.com/DOC99794,https://www.example.com/us-en/NEW-URL-DOC99794,False
https://www.example.com/DOC99795,https://www.example.com/us-en/NEW-URL-DOC99795,False
https://www.example.com/DOC99796,https://www.example.com/us-en/NEW-URL-DOC99796,False
https://www.example.com/DOC99797,https://www.example.com/us-en/NEW-URL-DOC99797,False
https://www.example.com/DOC99798,https://www.example.com/us-en/NEW-URL-DOC99798,False
https://www.example.com/DOC99799,https://www.example.com/us-en/NEW-URL-DOC99799,False
https://www.example.com/DOC99800,https://www.example.com/us-en/NEW-URL-DOC99800,False
https://www.example.com/DOC99801,https://www.example.com/us-en/NEW-URL-DOC99801,False
https://www.example.com/DOC99802,https://www.example.com/us-en/NEW-URL-DOC99802,False
https://www.example.com/DOC99803,https://www.example.com/us-en/NEW-URL-DOC99803,False
https://www.example.com/DOC99804,https://www.example.com/us-en/NEW-URL-DOC99804,False
https://www.example.com/DOC99805,https://www.example.com/us-en/NEW-URL-DOC99805,False
https://www.example.com/DOC99806,https://www.example.com/us-en/NEW-URL-DOC99806,False
https://www.example.com/DOC99807,https://www.example.com/us-en/NEW-URL-DOC99807,False
https://www.example.com/DOC99808,https://www.example.com/us-en/NEW-URL-DOC99808,False
https://www.example.com/DOC99809,https://www.example.com/us-en/NEW-URL-DOC99809,False
https://www.example.com/DOC99810,https://www.example.com/us-en/NEW-URL-DOC99810,False
https://www.example.com/DOC99811,https://www.example.com/us-en/NEW-URL-DOC99811,False
https://www.example.com/DOC99812,https://www.example.com/us-en/NEW-URL-DOC99812,False
https://www.example.com/DOC99813,https://www.example.com/us-en/NEW-URL-DOC99813,False
https://www.example.com/DOC99814,https://www.example.com/us-en/NEW-URL-DOC99814,False
https://www.example.com/DOC99815,https://www.example.com/us-en/NEW-URL-DOC99815,False
https://www.example.com/DOC99816,https://www.example.com/us-en/NEW-URL-DOC99816,False
https://www.example.com/DOC99817,https://www.example.com/us-en/NEW-URL-DOC99817,False
https://www.example.com/DOC99818,https://www.example.com/us-en/NEW-URL-DOC99818,False
https://www.example.com/DOC99819,https://www.example.com/us-en/NEW-URL-DOC99819,False
https://www.example.com/DOC99820,https://www.example.com/us-en/NEW-URL-DOC99820,False
https://www.example.com/DOC99821,https://www.example.com/us-en/NEW-URL-DOC99821,False
https://www.example.com/DOC99822,https://www.example.com/us-en/NEW-URL-DOC99822,False
https://www.example.com/DOC99823,https://www.example.com/us-en/NEW-URL-DOC99823,False
https://www.example.com/DOC99824,https://www.example.com/us-en/NEW-URL-DOC99824,False
https://www.example.com/DOC99825,https://www.example.com/us-en/NEW-URL-DOC99825,False
https://www.example.com/DOC99826,https://www.example.com/us-en/NEW-URL-DOC99826,False
https://www.example.com/DOC99827,https://www.example.com/us-en/NEW-URL-DOC99827,False
https://www.example.com/DOC99828,https://www.example.com/us-en/NEW-URL-DOC99828,False
https://www.example.com/DOC99829,https://www.example.com/us-en/NEW-URL-DOC99829,False
https://www.example.com/DOC99830,https://www.example.com/us-en/NEW-URL-DOC99830,False
https://www.example.com/DOC99831,https://www.example.com/us-en/NEW-URL-DOC99831,False
https://www.example.com/DOC99832,https://www.example.com/us-en/NEW-URL-DOC99832,False
https://www.example.com/DOC99833,https://www.example.com/us-en/NEW-URL-DOC99833,False
https://www.example.com/DOC99834,https://www.example.com/us-en/NEW-URL-DOC99834,False
https://www.example.com/DOC99835,https://www.example.com/us-en/NEW-URL-DOC99835,False
https://www.example.com/DOC99836,https://www.example.com/us-en/NEW-URL-DOC99836,False
https://www.example.com/DOC99837,https://www.example.com/us-en/NEW-URL-DOC99837,False
https://www.example.com/DOC99838,https://www.example.com/us-en/NEW-URL-DOC99838,False
https://www.example.com/DOC99839,https://www.example.com/us-en/NEW-URL-DOC99839,False
https://www.example.com/DOC99840,https://www.example.com/us-en/NEW-URL-DOC99840,False
https://www.example.com/DOC99841,https://www.example.com/us-en/NEW-URL-DOC99841,False
https://www.example.com/DOC99842,https://www.example.com/us-en/NEW-URL-DOC99842,False
https://www.example.com/DOC99843,https://www.example.com/us-en/NEW-URL-DOC99843,False
https://www.example.com/DOC99844,https://www.example.com/us-en/NEW-URL-DOC99844,False
https://www.example.com/DOC99845,https://www.example.com/us-en/NEW-URL-DOC99845,False
https://www.example.com/DOC99846,https://www.example.com/us-en/NEW-URL-DOC99846,False
https://www.example.com/DOC99847,https://www.example.com/us-en/NEW-URL-DOC99847,False
https://www.example.com/DOC99848,https://www.example.com/us-en/NEW-URL-DOC99848,False
https://www.example.com/DOC99849,https://www.example.com/us-en/NEW-URL-DOC99849,False
https://www.example.com/DOC99850,https://www.example.com/us-en/NEW-URL-DOC99850,False
https://www.example.com/DOC99851,https://www.example.com/us-en/NEW-URL-DOC99851,False
https://www.example.com/DOC99852,https://www.example.com/us-en/NEW-URL-DOC99852,False
https://www.example.com/DOC99853,https://www.example.com/us-en/NEW-URL-DOC99853,False
https://www.example.com/DOC99854,https://www.example.com/us-en/NEW-URL-DOC99854,False
https://www.example.com/DOC99855,https://www.example.com/us-en/NEW-URL-DOC99855,False
https://www.example.com/DOC99856,https://www.example.com/us-en/NEW-URL-DOC99856,False
https://www.example.com/DOC99857,https://www.example.com/us-en/NEW-URL-DOC99857,False
https://www.example.com/DOC99858,https://www.example.com/us-en/NEW-URL-DOC99858,False
https://www.example.com/DOC99859,https://www.example.com/us-en/NEW-URL-DOC99859,False
https://www.example.com/DOC99860,https://www.example.com/us-en/NEW-URL-DOC99860,False
https://www.example.com/DOC99861,https://www.example.com/us-en/NEW-URL-DOC99861,False
https://www.example.com/DOC99862,https://www.example.com/us-en/NEW-URL-DOC99862,False
https://www.example.com/DOC99863,https://www.example.com/us-en/NEW-URL-DOC99863,False
https://www.example.com/DOC99864,https://www.example.com/us-en/NEW-URL-DOC99864,False
https://www.example.com/DOC99865,https://www.example.com/us-en/NEW-URL-DOC99865,False
https://www.example.com/DOC99866,https://www.example.com/us-en/NEW-URL-DOC99866,False
https://www.example.com/DOC99867,https://www.example.com/us-en/NEW-URL-DOC99867,False
https://www.example.com/DOC99868,https://www.example.com/us-en/NEW-URL-DOC99868,False
https://www.example.com/DOC99869,https://www.example.com/us-en/NEW-URL-DOC99869,False
https://www.example.com/DOC99870,https://www.example.com/us-en/NEW-URL-DOC99870,False
https://www.example.com/DOC99871,https://www.example.com/us-en/NEW-URL-DOC99871,False
https://www.example.com/DOC99872,https://www.example.com/us-en/NEW-URL-DOC99872,False
https://www.example.com/DOC99873,https://www.example.com/us-en/NEW-URL-DOC99873,False
https://www.example.com/DOC99874,https://www.example.com/us-en/NEW-URL-DOC99874,False
https://www.example.com/DOC99875,https://www.example.com/us-en/NEW-URL-DOC99875,False
https://www.example.com/DOC99876,https://www.example.com/us-en/NEW-URL-DOC99876,False
https://www.example.com/DOC99877,https://www.example.com/us-en/NEW-URL-DOC99877,False
https://www.example.com/DOC99878,https://www.example.com/us-en/NEW-URL-DOC99878,False
https://www.example.com/DOC99879,https://www.example.com/us-en/NEW-URL-DOC99879,False
https://www.example.com/DOC99880,https://www.example.com/us-en/NEW-URL-DOC99880,False
https://www.example.com/DOC99881,https://www.example.com/us-en/NEW-URL-DOC99881,False
https://www.example.com/DOC99882,https://www.example.com/us-en/NEW-URL-DOC99882,False
https://www.example.com/DOC99883,https://www.example.com/us-en/NEW-URL-DOC99883,False
https://www.example.com/DOC99884,https://www.example.com/us-en/NEW-URL-DOC99884,False
https://www.example.com/DOC99885,https://www.example.com/us-en/NEW-URL-DOC99885,False
https://www.example.com/DOC99886,https://www.example.com/us-en/NEW-URL-DOC99886,False
https://www.example.com/DOC99887,https://www.example.com/us-en/NEW-URL-DOC99887,False
https://www.example.com/DOC99888,https://www.example.com/us-en/NEW-URL-DOC99888,False
https://www.example.com/DOC99889,https://www.example.com/us-en/NEW-URL-DOC99889,False
https://www.example.com/DOC99890,https://www.example.com/us-en/NEW-URL-DOC99890,False
https://www.example.com/DOC99891,https://www.example.com/us-en/NEW-URL-DOC99891,False
https://www.example.com/DOC99892,https://www.example.com/us-en/NEW-URL-DOC99892,False
https://www.example.com/DOC99893,https://www.example.com/us-en/NEW-URL-DOC99893,False
https://www.example.com/DOC99894,https://www.example.com/us-en/NEW-URL-DOC99894,False
https://www.example.com/DOC99895,https://www.example.com/us-en/NEW-URL-DOC99895,False
https://www.example.com/DOC99896,https://www.example.com/us-en/NEW-URL-DOC99896,False
https://www.example.com/DOC99897,https://www.example.com/us-en/NEW-URL-DOC99897,False
https://www.example.com/DOC99898,https://www.example.com/us-en/NEW-URL-DOC99898,False
https://www.example.com/DOC99899,https://www.example.com/us-en/NEW-URL-DOC99899,False
https://www.example.com/DOC99900,https://www.example.com/us-en/NEW-URL-DOC99900,False
https://www.example.com/DOC99901,https://www.example.com/us-en/NEW-URL-DOC99901,False
https://www.example.com/DOC99902,https://www.example.com/us-en/NEW-URL-DOC99902,False
https://www.example.com/DOC99903,https://www.example.com/us-en/NEW-URL-DOC99903,False
https://www.example.com/DOC99904,https://www.example.com/us-en/NEW-URL-DOC99904,False
https://www.example.com/DOC99905,https://www.example.com/us-en/NEW-URL-DOC99905,False
https://www.example.com/DOC99906,https://www.example.com/us-en/NEW-URL-DOC99906,False
https://www.example.com/DOC99907,https://www.example.com/us-en/NEW-URL-DOC99907,False
https://www.example.com/DOC99908,https://www.example.com/us-en/NEW-URL-DOC99908,False
https://www.example.com/DOC99909,https://www.example.com/us-en/NEW-URL-DOC99909,False
https://www.example.com/DOC99910,https://www.example.com/us-en/NEW-URL-DOC99910,False
https://www.example.com/DOC99911,https://www.example.com/us-en/NEW-URL-DOC99911,False
https://www.example.com/DOC99912,https://www.example.com/us-en/NEW-URL-DOC99912,False
https://www.example.com/DOC99913,https://www.example.com/us-en/NEW-URL-DOC99913,False
https://www.example.com/DOC99914,https://www.example.com/us-en/NEW-URL-DOC99914,False
https://www.example.com/DOC99915,https://www.example.com/us-en/NEW-URL-DOC99915,False
https://www.example.com/DOC99916,https://www.example.com/us-en/NEW-URL-DOC99916,False
https://www.example.com/DOC99917,https://www.example.com/us-en/NEW-URL-DOC99917,False
https://www.example.com/DOC99918,https://www.example.com/us-en/NEW-URL-DOC99918,False
https://www.example.com/DOC99919,https://www.example.com/us-en/NEW-URL-DOC99919,False
https://www.example.com/DOC99920,https://www.example.com/us-en/NEW-URL-DOC99920,False
https://www.example.com/DOC99921,https://www.example.com/us-en/NEW-URL-DOC99921,False
https://www.example.com/DOC99922,https://www.example.com/us-en/NEW-URL-DOC99922,False
https://www.example.com/DOC99923,https://www.example.com/us-en/NEW-URL-DOC99923,False
https://www.example.com/DOC99924,https://www.example.com/us-en/NEW-URL-DOC99924,False
https://www.example.com/DOC99925,https://www.example.com/us-en/NEW-URL-DOC99925,False
https://www.example.com/DOC99926,https://www.example.com/us-en/NEW-URL-DOC99926,False
https://www.example.com/DOC99927,https://www.example.com/us-en/NEW-URL-DOC99927,False
https://www.example.com/DOC99928,https://www.example.com/us-en/NEW-URL-DOC99928,False
https://www.example.com/DOC99929,https://www.example.com/us-en/NEW-URL-DOC99929,False
https://www.example.com/DOC99930,https://www.example.com/us-en/NEW-URL-DOC99930,False
https://www.example.com/DOC99931,https://www.example.com/us-en/NEW-URL-DOC99931,False
https://www.example.com/DOC99932,https://www.example.com/us-en/NEW-URL-DOC99932,False
https://www.example.com/DOC99933,https://www.example.com/us-en/NEW-URL-DOC99933,False
https://www.example.com/DOC99934,https://www.example.com/us-en/NEW-URL-DOC99934,False
https://www.example.com/DOC99935,https://www.example.com/us-en/NEW-URL-DOC99935,False
https://www.example.com/DOC99936,https://www.example.com/us-en/NEW-URL-DOC99936,False
https://www.example.com/DOC99937,https://www.example.com/us-en/NEW-URL-DOC99937,False
https://www.example.com/DOC99938,https://www.example.com/us-en/NEW-URL-DOC99938,False
https://www.example.com/DOC99939,https://www.example.com/us-en/NEW-URL-DOC99939,False
https://www.example.com/DOC99940,https://www.example.com/us-en/NEW-URL-DOC99940,False
https://www.example.com/DOC99941,https://www.example.com/us-en/NEW-URL-DOC99941,False
https://www.example.com/DOC99942,https://www.example.com/us-en/NEW-URL-DOC99942,False
https://www.example.com/DOC99943,https://www.example.com/us-en/NEW-URL-DOC99943,False
https://www.example.com/DOC99944,https://www.example.com/us-en/NEW-URL-DOC99944,False
https://www.example.com/DOC99945,https://www.example.com/us-en/NEW-URL-DOC99945,False
https://www.example.com/DOC99946,https://www.example.com/us-en/NEW-URL-DOC99946,False
https://www.example.com/DOC99947,https://www.example.com/us-en/NEW-URL-DOC99947,False
https://www.example.com/DOC99948,https://www.example.com/us-en/NEW-URL-DOC99948,False
https://www.example.com/DOC99949,https://www.example.com/us-en/NEW-URL-DOC99949,False
https://www.example.com/DOC99950,https://www.example.com/us-en/NEW-URL-DOC99950,False
https://www.example.com/DOC99951,https://www.example.com/us-en/NEW-URL-DOC99951,False
https://www.example.com/DOC99952,https://www.example.com/us-en/NEW-URL-DOC99952,False
https://www.example.com/DOC99953,https://www.example.com/us-en/NEW-URL-DOC99953,False
https://www.example.com/DOC99954,https://www.example.com/us-en/NEW-URL-DOC99954,False
https://www.example.com/DOC99955,https://www.example.com/us-en/NEW-URL-DOC99955,False
https://www.example.com/DOC99956,https://www.example.com/us-en/NEW-URL-DOC99956,False
https://www.example.com/DOC99957,https://www.example.com/us-en/NEW-URL-DOC99957,False
https://www.example.com/DOC99958,https://www.example.com/us-en/NEW-URL-DOC99958,False
https://www.example.com/DOC99959,https://www.example.com/us-en/NEW-URL-DOC99959,False
https://www.example.com/DOC99960,https://www.example.com/us-en/NEW-URL-DOC99960,False
https://www.example.com/DOC99961,https://www.example.com/us-en/NEW-URL-DOC99961,False
https://www.example.com/DOC99962,https://www.example.com/us-en/NEW-URL-DOC99962,False
https://www.example.com/DOC99963,https://www.example.com/us-en/NEW-URL-DOC99963,False
https://www.example.com/DOC99964,https://www.example.com/us-en/NEW-URL-DOC99964,False
https://www.example.com/DOC99965,https://www.example.com/us-en/NEW-URL-DOC99965,False
https://www.example.com/DOC99966,https://www.example.com/us-en/NEW-URL-DOC99966,False
https://www.example.com/DOC99967,https://www.example.com/us-en/NEW-URL-DOC99967,False
https://www.example.com/DOC99968,https://www.example.com/us-en/NEW-URL-DOC99968,False
https://www.example.com/DOC99969,https://www.example.com/us-en/NEW-URL-DOC99969,False
https://www.example.com/DOC99970,https://www.example.com/us-en/NEW-URL-DOC99970,False
https://www.example.com/DOC99971,https://www.example.com/us-en/NEW-URL-DOC99971,False
https://www.example.com/DOC99972,https://www.example.com/us-en/NEW-URL-DOC99972,False
https://www.example.com/DOC99973,https://www.example.com/us-en/NEW-URL-DOC99973,False
https://www.example.com/DOC99974,https://www.example.com/us-en/NEW-URL-DOC99974,False
https://www.example.com/DOC99975,https://www.example.com/us-en/NEW-URL-DOC99975,False
https://www.example.com/DOC99976,https://www.example.com/us-en/NEW-URL-DOC99976,False
https://www.example.com/DOC99977,https://www.example.com/us-en/NEW-URL-DOC99977,False
https://www.example.com/DOC99978,https://www.example.com/us-en/NEW-URL-DOC99978,False
https://www.example.com/DOC99979,https://www.example.com/us-en/NEW-URL-DOC99979,False
https://www.example.com/DOC99980,https://www.example.com/us-en/NEW-URL-DOC99980,False
https://www.example.com/DOC99981,https://www.example.com/us-en/NEW-URL-DOC99981,False
https://www.example.com/DOC99982,https://www.example.com/us-en/NEW-URL-DOC99982,False
https://www.example.com/DOC99983,https://www.example.com/us-en/NEW-URL-DOC99983,False
https://www.example.com/DOC99984,https://www.example.com/us-en/NEW-URL-DOC99984,False
https://www.example.com/DOC99985,https://www.example.com/us-en/NEW-URL-DOC99985,False
https://www.example.com/DOC99986,https://www.example.com/us-en/NEW-URL-DOC99986,False
https://www.example.com/DOC99987,https://www.example.com/us-en/NEW-URL-DOC99987,False
https://www.example.com/DOC99988,https://www.example.com/us-en/NEW-URL-DOC99988,False
https://www.example.com/DOC99989,https://www.example.com/us-en/NEW-URL-DOC99989,False
https://www.example.com/DOC99990,https://www.example.com/us-en/NEW-URL-DOC99990,False
https://www.example.com/DOC99991,https://www.example.com/us-en/NEW-URL-DOC99991,False
https://www.example.com/DOC99992,https://www.example.com/us-en/NEW-URL-DOC99992,False
https://www.example.com/DOC99993,https://www.example.com/us-en/NEW-URL-DOC99993,False
https://www.example.com/DOC99994,https://www.example.com/us-en/NEW-URL-DOC99994,False
https://www.example.com/DOC99995,https://www.example.com/us-en/NEW-URL-DOC99995,False
https://www.example.com/DOC99996,https://www.example.com/us-en/NEW-URL-DOC99996,False
https://www.example.com/DOC99997,https://www.example.com/us-en/NEW-URL-DOC99997,False
https://www.example.com/DOC99998,https://www.example.com/us-en/NEW-URL-DOC99998,False
https://www.example.com/DOC99999,https://www.example.com/us-en/NEW-URL-DOC99999,False
